comment_id,entity_id,entity_text,entity_type,target_id,target_team_id,is_abusive,insult_derogation,profanity_obscene,sexual_harassment,wish_of_harm,is_severe_abuse,threat,religious_hate,race_hate,gender_hate,motive_performance,motive_coaching,motive_fandom_rivalry,motive_appearance,motive_injury,motive_officiating,motive_personal_life,motive_gambling,sarcasm,humor,implicit_target,quotation_reported_speech,interpretation_needs_history,target_recoverable_from_history,target_id_unknown,diff_profanity,diff_meaning_shift,diff_reference_complexity,diff_common_words
c_0000000,e_00000000,Terrance Wickham,player NCAA,2025-2026:men:men_VINE_vinewood-a-m-timberwolves:terrance-wickham,men_VINE_vinewood-a-m-timberwolves,NO,NO,NO,NO,NO,NO,NO,NO,NO,NO,YES,NO,NO,NO,NO,NO,NO,NO,NO,NO,NO,NO,NO,NO,NO,False,False,False,False
c_0000000,e_00000001,Xavier Jimenez,player NCAA,2025-2026:men:men_VINE_vinewood-a-m-timberwolves:xavier-jimenez,men_VINE_vinewood-a-m-timberwolves,NO,NO,NO,NO,NO,NO,NO,NO,NO,NO,YES,NO,NO,NO,NO,NO,NO,NO,NO,NO,NO,NO,NO,NO,NO,False,False,False,False
c_0000001,e_00000002,Ivan Nystrom,player NCAA,2025-2026:men:men_KIRK_kirkmont-state-ravens:ivan-nystrom,men_KIRK_kirkmont-state-ravens,YES,YES,NO,NO,NO,NO,NO,NO,NO,NO,YES,NO,NO,NO,NO,NO,NO,NO,NO,NO,NO,NO,NO,NO,NO,False,False,False,False
c_0000002,e_00000003,Gideon Ustinov,player NCAA,2025-2026:men:men_IVYP_ivyport-university-sabers:gideon-ustinov,men_IVYP_ivyport-university-sabers,YES,YES,NO,NO,NO,NO,NO,NO,NO,NO,YES,NO,NO,NO,NO,NO,NO,NO,NO,NO,NO,NO,NO,NO,NO,False,False,False,False
c_0000003,e_00000004,Xavier Duvalier,player NCAA,2025-2026:men:men_KING_kingsmoor-poly-ironmen:xavier-duvalier,men_KING_kingsmoor-poly-ironmen,NO,NO,NO,NO,NO,NO,NO,NO,NO,NO,NO,NO,NO,NO,NO,NO,NO,YES,NO,NO,NO,NO,PARENT,YES,NO,False,False,True,False
c_0000003,e_00000005,Emeka Wexler,player NCAA,2025-2026:men:men_ORCH_orchard-hill-college-mariners:emeka-wexler,men_ORCH_orchard-hill-college-mariners,NO,NO,NO,NO,NO,NO,NO,NO,NO,NO,NO,NO,YES,NO,YES,NO,NO,NO,NO,NO,NO,NO,NO,NO,NO,False,False,False,False
c_0000003,e_00000006,Hector Jimenez,player NCAA,2025-2026:men:men_ORCH_orchard-hill-college-mariners:hector-jimenez,men_ORCH_orchard-hill-college-mariners,NO,NO,NO,NO,NO,NO,NO,NO,NO,NO,YES,NO,NO,NO,NO,NO,NO,NO,NO,NO,NO,NO,NO,NO,NO,False,False,False,False
c_0000004,e_00000007,Gideon Ustinov,player NCAA,2025-2026:men:men_IVYP_ivyport-university-sabers:gideon-ustinov,men_IVYP_ivyport-university-sabers,YES,YES,NO,NO,YES,NO,NO,NO,NO,NO,YES,NO,NO,NO,NO,NO,NO,NO,NO,NO,NO,NO,NO,NO,NO,False,False,False,False
c_0000005,e_00000008,Gideon Ustinov,player NCAA,2025-2026:men:men_IVYP_ivyport-university-sabers:gideon-ustinov,men_IVYP_ivyport-university-sabers,YES,YES,NO,NO,NO,NO,NO,NO,NO,NO,YES,NO,NO,NO,NO,NO,NO,NO,NO,NO,NO,NO,NO,NO,NO,False,False,False,False
c_0000006,e_00000009,Gideon Ustinov,player NCAA,2025-2026:men:men_IVYP_ivyport-university-sabers:gideon-ustinov,men_IVYP_ivyport-university-sabers,YES,YES,NO,NO,NO,NO,NO,NO,NO,NO,YES,NO,NO,NO,NO,NO,NO,NO,NO,NO,NO,NO,NO,NO,NO,False,False,False,False
c_0000007,e_00000010,Ivan Nystrom,player NCAA,2025-2026:men:men_KIRK_kirkmont-state-ravens:ivan-nystrom,men_KIRK_kirkmont-state-ravens,YES,YES,NO,NO,NO,NO,NO,NO,NO,NO,YES,NO,NO,NO,NO,NO,NO,NO,NO,YES,NO,NO,NO,NO,NO,False,True,False,False
c_0000008,e_00000011,Xavier Duvalier,player NCAA,2025-2026:men:men_KING_kingsmoor-poly-ironmen:xavier-duvalier,men_KING_kingsmoor-poly-ironmen,NO,NO,NO,NO,NO,NO,NO,NO,NO,NO,YES,NO,NO,NO,NO,NO,NO,NO,NO,NO,NO,NO,NO,NO,NO,False,False,False,False
c_0000008,e_00000012,Franklin Kowalczyk,player NCAA,2025-2026:men:men_IVYP_ivyport-university-sabers:franklin-kowalczyk,men_IVYP_ivyport-university-sabers,NO,NO,NO,NO,NO,NO,NO,NO,NO,NO,YES,YES,NO,NO,NO,YES,NO,NO,NO,NO,NO,NO,NO,NO,NO,False,False,False,False
c_0000009,e_00000013,Xavier Duvalier,player NCAA,2025-2026:men:men_KING_kingsmoor-poly-ironmen:xavier-duvalier,men_KING_kingsmoor-poly-ironmen,NO,NO,NO,NO,NO,NO,NO,NO,NO,NO,YES,YES,NO,NO,NO,NO,NO,NO,NO,NO,NO,NO,NO,NO,NO,False,False,False,False
c_0000010,e_00000014,Gideon Ustinov,player NCAA,2025-2026:men:men_IVYP_ivyport-university-sabers:gideon-ustinov,men_IVYP_ivyport-university-sabers,YES,YES,NO,NO,NO,NO,NO,NO,NO,NO,YES,NO,NO,NO,NO,NO,NO,NO,NO,NO,NO,NO,NO,NO,NO,False,False,False,False
c_0000011,e_00000015,Ivan Nystrom,player NCAA,2025-2026:men:men_KIRK_kirkmont-state-ravens:ivan-nystrom,men_KIRK_kirkmont-state-ravens,YES,YES,NO,NO,NO,NO,NO,NO,NO,NO,YES,NO,NO,NO,NO,NO,NO,NO,NO,NO,NO,NO,NO,NO,NO,False,False,False,False
c_0000012,e_00000016,Bennett Whitlock,player NCAA,2025-2026:men:men_KIRK_kirkmont-state-ravens:bennett-whitlock,men_KIRK_kirkmont-state-ravens,NO,NO,NO,NO,NO,NO,NO,NO,NO,NO,YES,NO,NO,NO,NO,NO,NO,NO,NO,YES,YES,NO,NO,NO,NO,False,True,False,True
c_0000012,e_00000017,Darius Quiroga,player NCAA,2025-2026:men:men_IVYP_ivyport-university-sabers:darius-quiroga,men_IVYP_ivyport-university-sabers,NO,NO,NO,NO,NO,NO,NO,NO,NO,NO,YES,NO,NO,YES,NO,NO,NO,NO,NO,NO,NO,NO,NO,NO,NO,False,False,False,False
c_0000013,e_00000018,Gideon Ustinov,player NCAA,2025-2026:men:men_IVYP_ivyport-university-sabers:gideon-ustinov,men_IVYP_ivyport-university-sabers,YES,YES,NO,NO,NO,NO,NO,NO,NO,NO,YES,NO,NO,NO,NO,NO,NO,NO,NO,NO,NO,NO,NO,NO,NO,False,False,False,False
c_0000014,e_00000019,Xavier Duvalier,player NCAA,2025-2026:men:men_KING_kingsmoor-poly-ironmen:xavier-duvalier,men_KING_kingsmoor-poly-ironmen,NO,NO,NO,NO,NO,NO,NO,NO,NO,NO,YES,NO,YES,NO,NO,NO,NO,NO,NO,NO,NO,NO,NO,NO,NO,False,False,False,False
c_0000015,e_00000020,Gideon Ustinov,player NCAA,2025-2026:men:men_IVYP_ivyport-university-sabers:gideon-ustinov,men_IVYP_ivyport-university-sabers,YES,YES,NO,NO,NO,NO,NO,NO,NO,NO,YES,NO,NO,NO,NO,NO,NO,NO,NO,NO,NO,NO,NO,NO,NO,False,False,False,False
c_0000016,e_00000021,Ivan Nystrom,player NCAA,2025-2026:men:men_KIRK_kirkmont-state-ravens:ivan-nystrom,men_KIRK_kirkmont-state-ravens,YES,NO,YES,NO,NO,NO,NO,NO,NO,NO,YES,NO,YES,NO,NO,NO,NO,NO,NO,NO,NO,NO,NO,NO,NO,True,False,False,False
c_0000017,e_00000022,Xavier Duvalier,player NCAA,2025-2026:men:men_KING_kingsmoor-poly-ironmen:xavier-duvalier,men_KING_kingsmoor-poly-ironmen,YES,YES,NO,NO,NO,NO,NO,NO,NO,NO,NO,NO,NO,NO,NO,NO,YES,NO,NO,NO,NO,NO,ROOT_SUBMISSION,YES,NO,False,False,True,False
c_0000018,e_00000023,Xavier Duvalier,player NCAA,2025-2026:men:men_KING_kingsmoor-poly-ironmen:xavier-duvalier,men_KING_kingsmoor-poly-ironmen,NO,NO,NO,NO,NO,NO,NO,NO,NO,NO,YES,NO,NO,NO,NO,NO,NO,NO,NO,NO,NO,NO,NO,NO,NO,False,False,False,False
c_0000018,e_00000024,Xavier Jimenez,player NCAA,2025-2026:men:men_VINE_vinewood-a-m-timberwolves:xavier-jimenez,men_VINE_vinewood-a-m-timberwolves,NO,NO,NO,NO,NO,NO,NO,NO,NO,NO,YES,NO,NO,NO,NO,NO,NO,NO,NO,NO,NO,NO,NO,NO,NO,False,False,False,False
c_0000019,e_00000025,Gideon Ustinov,player NCAA,2025-2026:men:men_IVYP_ivyport-university-sabers:gideon-ustinov,men_IVYP_ivyport-university-sabers,YES,YES,NO,NO,NO,NO,NO,NO,NO,NO,YES,NO,NO,NO,NO,NO,NO,NO,NO,NO,NO,NO,NO,NO,NO,False,False,False,False
c_0000020,e_00000026,Ivan Nystrom,player NCAA,2025-2026:men:men_KIRK_kirkmont-state-ravens:ivan-nystrom,men_KIRK_kirkmont-state-ravens,YES,YES,NO,NO,NO,NO,NO,NO,NO,NO,NO,NO,NO,NO,NO,NO,NO,NO,NO,NO,NO,NO,NO,NO,NO,False,False,False,False
c_0000021,e_00000027,Darius Quiroga,player NCAA,2025-2026:men:men_IVYP_ivyport-university-sabers:darius-quiroga,men_IVYP_ivyport-university-sabers,NO,NO,NO,NO,NO,NO,NO,NO,NO,NO,NO,NO,NO,NO,NO,NO,NO,NO,NO,NO,NO,NO,NO,NO,NO,False,False,False,False
c_0000021,e_00000028,Franklin Kowalczyk,player NCAA,2025-2026:men:men_IVYP_ivyport-university-sabers:franklin-kowalczyk,men_IVYP_ivyport-university-sabers,NO,NO,NO,NO,NO,NO,NO,NO,NO,NO,YES,NO,NO,NO,NO,NO,NO,NO,NO,NO,NO,NO,NO,NO,NO,False,False,False,False
c_0000021,e_00000029,Preston Rutherford,player NCAA,2025-2026:men:men_KIRK_kirkmont-state-ravens:preston-rutherford,men_KIRK_kirkmont-state-ravens,NO,NO,NO,NO,NO,NO,NO,NO,NO,NO,YES,NO,NO,NO,NO,NO,NO,NO,NO,NO,NO,NO,NO,NO,NO,False,False,False,True
c_0000022,e_00000030,Darius Quiroga,player NCAA,2025-2026:men:men_IVYP_ivyport-university-sabers:darius-quiroga,men_IVYP_ivyport-university-sabers,NO,NO,NO,NO,NO,NO,NO,NO,NO,NO,YES,NO,NO,NO,NO,NO,NO,NO,NO,NO,NO,NO,NO,NO,NO,False,False,False,False
c_0000023,e_00000031,Darius Quiroga,player NCAA,2025-2026:men:men_IVYP_ivyport-university-sabers:darius-quiroga,men_IVYP_ivyport-university-sabers,NO,NO,NO,NO,NO,NO,NO,NO,NO,NO,YES,NO,NO,NO,NO,NO,NO,NO,NO,NO,NO,NO,NO,NO,NO,False,False,False,False
c_0000023,e_00000032,Kwame Fontaine,player NCAA,2025-2026:men:men_KIRK_kirkmont-state-ravens:kwame-fontaine,men_KIRK_kirkmont-state-ravens,NO,NO,NO,NO,NO,NO,NO,NO,NO,NO,YES,NO,NO,NO,NO,NO,NO,NO,NO,NO,NO,NO,NO,NO,NO,False,False,False,False
c_0000023,e_00000033,Franklin Kowalczyk,player NCAA,2025-2026:men:men_IVYP_ivyport-university-sabers:franklin-kowalczyk,men_IVYP_ivyport-university-sabers,NO,NO,NO,NO,NO,NO,NO,NO,NO,NO,YES,NO,NO,NO,NO,NO,NO,NO,NO,NO,NO,NO,NO,NO,NO,False,False,False,False
c_0000023,e_00000034,Preston Rutherford,player NCAA,2025-2026:men:men_KIRK_kirkmont-state-ravens:preston-rutherford,men_KIRK_kirkmont-state-ravens,NO,NO,NO,NO,NO,NO,NO,NO,NO,NO,NO,NO,NO,NO,NO,NO,NO,NO,NO,NO,NO,NO,NO,NO,NO,False,False,False,True
c_0000023,e_00000035,Corey Fontaine,player NCAA,2025-2026:men:men_IVYP_ivyport-university-sabers:corey-fontaine,men_IVYP_ivyport-university-sabers,NO,NO,NO,NO,NO,NO,NO,NO,NO,NO,NO,YES,NO,NO,NO,NO,NO,NO,NO,NO,NO,NO,NO,NO,NO,False,False,False,False
c_0000024,e_00000036,Gideon Ustinov,player NCAA,2025-2026:men:men_IVYP_ivyport-university-sabers:gideon-ustinov,men_IVYP_ivyport-university-sabers,YES,YES,NO,NO,NO,NO,NO,NO,NO,NO,YES,NO,NO,NO,NO,NO,NO,NO,NO,NO,NO,NO,NO,NO,NO,False,False,False,False
c_0000025,e_00000037,Preston Rutherford,player NCAA,2025-2026:men:men_KIRK_kirkmont-state-ravens:preston-rutherford,men_KIRK_kirkmont-state-ravens,NO,NO,NO,NO,NO,NO,NO,NO,NO,NO,NO,NO,NO,NO,NO,NO,NO,NO,NO,NO,NO,NO,NO,NO,NO,False,False,False,True
c_0000025,e_00000038,Kwame Fontaine,player NCAA,2025-2026:men:men_KIRK_kirkmont-state-ravens:kwame-fontaine,men_KIRK_kirkmont-state-ravens,NO,NO,NO,NO,NO,NO,NO,NO,NO,NO,YES,NO,YES,NO,NO,NO,NO,NO,NO,NO,NO,NO,NO,NO,NO,False,False,False,False
c_0000026,e_00000039,Bennett Whitlock,player NCAA,2025-2026:men:men_KIRK_kirkmont-state-ravens:bennett-whitlock,men_KIRK_kirkmont-state-ravens,NO,NO,NO,NO,NO,NO,NO,NO,NO,NO,YES,NO,NO,NO,NO,NO,NO,NO,NO,NO,NO,NO,NO,NO,NO,False,False,False,True
c_0000026,e_00000040,Corey Fontaine,player NCAA,2025-2026:men:men_IVYP_ivyport-university-sabers:corey-fontaine,men_IVYP_ivyport-university-sabers,NO,NO,NO,NO,NO,NO,NO,NO,NO,NO,NO,NO,NO,NO,NO,NO,NO,NO,NO,NO,NO,NO,NO,NO,NO,False,False,False,False
c_0000027,e_00000041,Gideon Ustinov,player NCAA,2025-2026:men:men_IVYP_ivyport-university-sabers:gideon-ustinov,men_IVYP_ivyport-university-sabers,YES,YES,YES,NO,NO,NO,NO,NO,NO,NO,YES,NO,NO,NO,NO,NO,NO,NO,NO,NO,NO,NO,NO,NO,NO,True,False,False,False
c_0000028,e_00000042,Gideon Ustinov,player NCAA,2025-2026:men:men_IVYP_ivyport-university-sabers:gideon-ustinov,men_IVYP_ivyport-university-sabers,YES,YES,YES,NO,NO,NO,NO,NO,NO,NO,YES,YES,NO,NO,NO,NO,NO,NO,NO,NO,NO,NO,NO,NO,NO,True,False,False,False
c_0000029,e_00000043,Ivan Nystrom,player NCAA,2025-2026:men:men_KIRK_kirkmont-state-ravens:ivan-nystrom,men_KIRK_kirkmont-state-ravens,YES,YES,NO,NO,NO,NO,NO,NO,NO,NO,YES,NO,NO,NO,NO,NO,NO,NO,NO,NO,NO,NO,NO,NO,NO,False,False,False,False
c_0000030,e_00000044,Bennett Whitlock,player NCAA,2025-2026:men:men_KIRK_kirkmont-state-ravens:bennett-whitlock,men_KIRK_kirkmont-state-ravens,NO,NO,NO,NO,NO,NO,NO,NO,NO,NO,YES,NO,NO,NO,NO,NO,NO,NO,NO,NO,NO,NO,NO,NO,NO,False,False,False,True
c_0000030,e_00000045,Xavier Duvalier,player NCAA,2025-2026:men:men_KING_kingsmoor-poly-ironmen:xavier-duvalier,men_KING_kingsmoor-poly-ironmen,YES,YES,NO,YES,NO,YES,NO,NO,NO,NO,YES,NO,NO,NO,NO,NO,NO,NO,NO,NO,NO,NO,NO,NO,NO,False,False,False,False
c_0000031,e_00000046,Ivan Nystrom,player NCAA,2025-2026:men:men_KIRK_kirkmont-state-ravens:ivan-nystrom,men_KIRK_kirkmont-state-ravens,YES,YES,NO,NO,NO,NO,NO,NO,NO,NO,YES,NO,YES,NO,YES,NO,NO,NO,NO,NO,NO,NO,NO,NO,NO,False,False,False,False
c_0000032,e_00000047,Ivan Nystrom,player NCAA,2025-2026:men:men_KIRK_kirkmont-state-ravens:ivan-nystrom,men_KIRK_kirkmont-state-ravens,YES,YES,NO,NO,NO,NO,NO,NO,NO,NO,YES,NO,NO,NO,NO,NO,NO,NO,NO,NO,NO,NO,NO,NO,NO,False,False,False,False
c_0000033,e_00000048,Darius Quiroga,player NCAA,2025-2026:men:men_IVYP_ivyport-university-sabers:darius-quiroga,men_IVYP_ivyport-university-sabers,NO,NO,NO,NO,NO,NO,NO,NO,NO,NO,YES,NO,NO,NO,NO,NO,NO,NO,NO,NO,NO,NO,NO,NO,NO,False,False,False,False
c_0000033,e_00000049,Kwame Fontaine,player NCAA,2025-2026:men:men_KIRK_kirkmont-state-ravens:kwame-fontaine,men_KIRK_kirkmont-state-ravens,NO,NO,NO,NO,NO,NO,NO,NO,NO,NO,YES,NO,YES,NO,NO,NO,NO,NO,NO,NO,NO,NO,NO,NO,NO,False,False,False,False
c_0000034,e_00000050,Xavier Duvalier,player NCAA,2025-2026:men:men_KING_kingsmoor-poly-ironmen:xavier-duvalier,men_KING_kingsmoor-poly-ironmen,NO,NO,NO,NO,NO,NO,NO,NO,NO,NO,YES,NO,YES,NO,NO,NO,NO,NO,NO,NO,NO,NO,NO,NO,NO,False,False,False,False
c_0000035,e_00000051,Xavier Duvalier,player NCAA,2025-2026:men:men_KING_kingsmoor-poly-ironmen:xavier-duvalier,men_KING_kingsmoor-poly-ironmen,NO,NO,NO,NO,NO,NO,NO,NO,NO,NO,YES,NO,NO,NO,NO,NO,NO,NO,NO,NO,NO,NO,NO,NO,NO,False,False,False,False
c_0000035,e_00000052,Rashad Petrov,player NCAA,2025-2026:men:men_VINE_vinewood-a-m-timberwolves:rashad-petrov,men_VINE_vinewood-a-m-timberwolves,NO,NO,NO,NO,NO,NO,NO,NO,NO,NO,YES,NO,NO,NO,NO,NO,NO,NO,NO,NO,NO,NO,NO,NO,NO,False,False,False,False
c_0000036,e_00000053,Ivan Nystrom,player NCAA,2025-2026:men:men_KIRK_kirkmont-state-ravens:ivan-nystrom,men_KIRK_kirkmont-state-ravens,YES,NO,NO,NO,NO,YES,NO,NO,NO,NO,YES,NO,NO,NO,NO,NO,NO,NO,NO,NO,YES,NO,NO,NO,NO,False,False,False,False
c_0000037,e_00000054,Ivan Nystrom,player NCAA,2025-2026:men:men_KIRK_kirkmont-state-ravens:ivan-nystrom,men_KIRK_kirkmont-state-ravens,YES,YES,NO,NO,NO,NO,NO,NO,NO,NO,NO,NO,NO,NO,NO,NO,NO,NO,NO,NO,NO,NO,NO,NO,NO,False,False,False,False
c_0000038,e_00000055,Terrance Wickham,player NCAA,2025-2026:men:men_VINE_vinewood-a-m-timberwolves:terrance-wickham,men_VINE_vinewood-a-m-timberwolves,NO,NO,NO,NO,NO,NO,NO,NO,NO,NO,YES,NO,NO,NO,NO,NO,NO,NO,NO,NO,NO,NO,NO,NO,NO,False,False,False,False
c_0000038,e_00000056,Xavier Jimenez,player NCAA,2025-2026:men:men_VINE_vinewood-a-m-timberwolves:xavier-jimenez,men_VINE_vinewood-a-m-timberwolves,NO,NO,NO,NO,NO,NO,NO,NO,NO,NO,NO,NO,NO,NO,NO,NO,NO,NO,NO,NO,NO,NO,NO,NO,NO,False,False,False,False
c_0000039,e_00000057,Kwame Fontaine,player NCAA,2025-2026:men:men_KIRK_kirkmont-state-ravens:kwame-fontaine,men_KIRK_kirkmont-state-ravens,NO,NO,NO,NO,NO,NO,NO,NO,NO,NO,YES,NO,NO,NO,NO,NO,NO,NO,NO,NO,NO,NO,NO,NO,NO,False,False,False,False
c_0000040,e_00000058,Xavier Jimenez,player NCAA,2025-2026:men:men_VINE_vinewood-a-m-timberwolves:xavier-jimenez,men_VINE_vinewood-a-m-timberwolves,NO,NO,NO,NO,NO,NO,NO,NO,NO,NO,YES,NO,NO,NO,NO,NO,NO,NO,NO,NO,NO,NO,NO,NO,NO,False,False,False,False
c_0000040,e_00000059,Terrance Wickham,player NCAA,2025-2026:men:men_VINE_vinewood-a-m-timberwolves:terrance-wickham,men_VINE_vinewood-a-m-timberwolves,NO,NO,NO,NO,NO,NO,NO,NO,NO,NO,NO,NO,NO,NO,NO,NO,NO,NO,NO,NO,NO,NO,NO,NO,NO,False,False,False,False
c_0000041,e_00000060,Xavier Jimenez,player NCAA,2025-2026:men:men_VINE_vinewood-a-m-timberwolves:xavier-jimenez,men_VINE_vinewood-a-m-timberwolves,NO,NO,NO,NO,NO,NO,NO,NO,NO,NO,YES,NO,NO,NO,NO,NO,NO,NO,NO,NO,NO,NO,NO,NO,NO,False,False,False,False
c_0000042,e_00000061,Bennett Whitlock,player NCAA,2025-2026:men:men_KIRK_kirkmont-state-ravens:bennett-whitlock,men_KIRK_kirkmont-state-ravens,NO,NO,NO,NO,NO,NO,NO,NO,NO,NO,YES,NO,NO,NO,NO,NO,NO,NO,NO,NO,YES,NO,NO,NO,NO,False,False,False,True
c_0000043,e_00000062,Ivan Nystrom,player NCAA,2025-2026:men:men_KIRK_kirkmont-state-ravens:ivan-nystrom,men_KIRK_kirkmont-state-ravens,YES,YES,NO,YES,NO,NO,NO,NO,NO,NO,YES,NO,NO,NO,NO,NO,NO,NO,NO,NO,NO,NO,NO,NO,NO,False,False,False,False
c_0000044,e_00000063,Kwame Fontaine,player NCAA,2025-2026:men:men_KIRK_kirkmont-state-ravens:kwame-fontaine,men_KIRK_kirkmont-state-ravens,NO,NO,NO,NO,NO,NO,NO,NO,NO,NO,YES,NO,NO,NO,NO,NO,NO,NO,NO,NO,NO,NO,NO,NO,NO,False,False,False,False
c_0000045,e_00000064,Ivan Nystrom,player NCAA,2025-2026:men:men_KIRK_kirkmont-state-ravens:ivan-nystrom,men_KIRK_kirkmont-state-ravens,YES,YES,NO,NO,NO,NO,NO,NO,NO,NO,NO,NO,NO,NO,NO,NO,NO,NO,NO,NO,NO,NO,NO,NO,NO,False,False,False,False
c_0000046,e_00000065,Bennett Whitlock,player NCAA,2025-2026:men:men_KIRK_kirkmont-state-ravens:bennett-whitlock,men_KIRK_kirkmont-state-ravens,NO,NO,NO,NO,NO,NO,NO,NO,NO,NO,YES,NO,NO,NO,NO,NO,NO,NO,NO,NO,NO,NO,NO,NO,NO,False,False,False,True
c_0000046,e_00000066,Preston Rutherford,player NCAA,2025-2026:men:men_KIRK_kirkmont-state-ravens:preston-rutherford,men_KIRK_kirkmont-state-ravens,YES,YES,NO,NO,NO,YES,NO,NO,NO,NO,NO,NO,NO,NO,YES,NO,NO,NO,NO,YES,NO,NO,NO,NO,NO,False,True,False,True
c_0000047,e_00000067,Ivan Nystrom,player NCAA,2025-2026:men:men_KIRK_kirkmont-state-ravens:ivan-nystrom,men_KIRK_kirkmont-state-ravens,YES,YES,YES,NO,NO,NO,NO,NO,NO,NO,YES,NO,NO,NO,NO,NO,NO,NO,NO,NO,NO,NO,NO,NO,NO,True,False,False,False
c_0000048,e_00000068,Bennett Whitlock,player NCAA,2025-2026:men:men_KIRK_kirkmont-state-ravens:bennett-whitlock,men_KIRK_kirkmont-state-ravens,NO,NO,NO,NO,NO,NO,NO,NO,NO,NO,NO,NO,NO,NO,NO,NO,NO,NO,NO,NO,NO,NO,NO,NO,NO,False,False,False,True
c_0000048,e_00000069,Xavier Duvalier,player NCAA,2025-2026:men:men_KING_kingsmoor-poly-ironmen:xavier-duvalier,men_KING_kingsmoor-poly-ironmen,NO,NO,NO,NO,NO,NO,NO,NO,NO,NO,NO,NO,NO,NO,NO,NO,NO,NO,NO,NO,NO,NO,NO,NO,NO,False,False,False,False
c_0000049,e_00000070,Xavier Duvalier,player NCAA,2025-2026:men:men_KING_kingsmoor-poly-ironmen:xavier-duvalier,men_KING_kingsmoor-poly-ironmen,NO,NO,NO,NO,NO,NO,NO,NO,NO,NO,YES,NO,NO,NO,NO,NO,NO,NO,NO,NO,NO,NO,NO,NO,NO,False,False,False,False
c_0000050,e_00000071,Xavier Duvalier,player NCAA,2025-2026:men:men_KING_kingsmoor-poly-ironmen:xavier-duvalier,men_KING_kingsmoor-poly-ironmen,NO,NO,NO,NO,NO,NO,NO,NO,NO,NO,YES,NO,NO,NO,NO,NO,NO,NO,NO,NO,NO,NO,NO,NO,NO,False,False,False,False
c_0000050,e_00000072,Yancy Hargrove,player NCAA,2025-2026:men:men_VELL_vellmont-tech-cyclones:yancy-hargrove,men_VELL_vellmont-tech-cyclones,YES,YES,NO,NO,NO,NO,NO,NO,NO,NO,YES,NO,NO,NO,NO,NO,NO,NO,NO,NO,NO,NO,NO,NO,NO,False,False,False,False
c_0000051,e_00000073,Xavier Duvalier,player NCAA,2025-2026:men:men_KING_kingsmoor-poly-ironmen:xavier-duvalier,men_KING_kingsmoor-poly-ironmen,YES,YES,YES,NO,NO,NO,NO,NO,NO,NO,YES,NO,NO,NO,NO,NO,NO,NO,NO,NO,NO,NO,NO,NO,NO,True,False,False,False
c_0000051,e_00000074,Yancy Hargrove,player NCAA,2025-2026:men:men_VELL_vellmont-tech-cyclones:yancy-hargrove,men_VELL_vellmont-tech-cyclones,NO,NO,NO,NO,NO,NO,NO,NO,NO,NO,YES,NO,NO,NO,NO,NO,NO,NO,YES,NO,NO,NO,NO,NO,NO,False,True,False,False
c_0000052,e_00000075,Xavier Duvalier,player NCAA,2025-2026:men:men_KING_kingsmoor-poly-ironmen:xavier-duvalier,men_KING_kingsmoor-poly-ironmen,NO,NO,NO,NO,NO,NO,NO,NO,NO,NO,NO,YES,NO,NO,NO,NO,NO,NO,NO,NO,NO,NO,NO,NO,NO,False,False,False,False
c_0000052,e_00000076,Emeka Wexler,player NCAA,2025-2026:men:men_ORCH_orchard-hill-college-mariners:emeka-wexler,men_ORCH_orchard-hill-college-mariners,NO,NO,NO,NO,NO,NO,NO,NO,NO,NO,NO,NO,NO,NO,NO,NO,NO,NO,NO,YES,NO,NO,NO,NO,NO,False,True,False,False
c_0000053,e_00000077,Xavier Duvalier,player NCAA,2025-2026:men:men_KING_kingsmoor-poly-ironmen:xavier-duvalier,men_KING_kingsmoor-poly-ironmen,YES,YES,NO,NO,NO,NO,NO,NO,NO,NO,YES,NO,NO,NO,NO,NO,NO,NO,NO,NO,NO,NO,NO,NO,NO,False,False,False,False
c_0000053,e_00000078,Yancy Hargrove,player NCAA,2025-2026:men:men_VELL_vellmont-tech-cyclones:yancy-hargrove,men_VELL_vellmont-tech-cyclones,NO,NO,NO,NO,NO,NO,NO,NO,NO,NO,YES,NO,NO,NO,NO,NO,NO,NO,NO,NO,NO,NO,NO,NO,NO,False,False,False,False
c_0000054,e_00000079,Xavier Duvalier,player NCAA,2025-2026:men:men_KING_kingsmoor-poly-ironmen:xavier-duvalier,men_KING_kingsmoor-poly-ironmen,NO,NO,NO,NO,NO,NO,NO,NO,NO,NO,YES,NO,YES,NO,NO,NO,NO,NO,NO,NO,NO,NO,NO,NO,NO,False,False,False,False
c_0000055,e_00000080,Xavier Duvalier,player NCAA,2025-2026:men:men_KING_kingsmoor-poly-ironmen:xavier-duvalier,men_KING_kingsmoor-poly-ironmen,YES,YES,YES,NO,NO,NO,NO,NO,NO,NO,YES,YES,NO,NO,NO,NO,NO,NO,NO,NO,NO,NO,NO,NO,NO,True,False,False,False
c_0000055,e_00000081,Yancy Hargrove,player NCAA,2025-2026:men:men_VELL_vellmont-tech-cyclones:yancy-hargrove,men_VELL_vellmont-tech-cyclones,NO,NO,NO,NO,NO,NO,NO,NO,NO,NO,YES,NO,NO,NO,NO,NO,NO,NO,NO,NO,NO,NO,NO,NO,NO,False,False,False,False
c_0000055,e_00000082,Omar Ellsworth,player NCAA,2025-2026:men:men_VELL_vellmont-tech-cyclones:omar-ellsworth,men_VELL_vellmont-tech-cyclones,NO,NO,NO,NO,NO,NO,NO,NO,NO,NO,YES,NO,NO,NO,NO,NO,NO,NO,NO,NO,NO,NO,NO,NO,NO,False,False,False,False
c_0000056,e_00000083,Xavier Duvalier,player NCAA,2025-2026:men:men_KING_kingsmoor-poly-ironmen:xavier-duvalier,men_KING_kingsmoor-poly-ironmen,YES,YES,NO,NO,NO,NO,NO,NO,NO,NO,YES,YES,NO,NO,NO,NO,NO,NO,NO,NO,NO,NO,NO,NO,NO,False,False,False,False
c_0000057,e_00000084,Xavier Duvalier,player NCAA,2025-2026:men:men_KING_kingsmoor-poly-ironmen:xavier-duvalier,men_KING_kingsmoor-poly-ironmen,NO,NO,NO,NO,NO,NO,NO,NO,NO,NO,YES,NO,NO,NO,NO,NO,NO,NO,NO,NO,NO,NO,NO,NO,NO,False,False,False,False
c_0000057,e_00000085,Lorenzo Vandergriff,player NCAA,2025-2026:men:men_KING_kingsmoor-poly-ironmen:lorenzo-vandergriff,men_KING_kingsmoor-poly-ironmen,NO,NO,NO,NO,NO,NO,NO,NO,NO,NO,YES,NO,NO,NO,NO,NO,NO,NO,NO,NO,NO,NO,NO,NO,NO,False,False,False,False
c_0000058,e_00000086,Xavier Duvalier,player NCAA,2025-2026:men:men_KING_kingsmoor-poly-ironmen:xavier-duvalier,men_KING_kingsmoor-poly-ironmen,NO,NO,NO,NO,NO,NO,NO,NO,NO,NO,YES,NO,NO,NO,NO,NO,NO,YES,NO,NO,NO,NO,ROOT_SUBMISSION,YES,NO,False,False,True,False
c_0000059,e_00000087,Yancy Hargrove,player NCAA,2025-2026:men:men_VELL_vellmont-tech-cyclones:yancy-hargrove,men_VELL_vellmont-tech-cyclones,NO,NO,NO,NO,NO,NO,NO,NO,NO,NO,YES,NO,NO,NO,NO,NO,NO,NO,NO,NO,NO,NO,NO,NO,NO,False,False,False,False
c_0000059,e_00000088,Xavier Duvalier,player NCAA,2025-2026:men:men_KING_kingsmoor-poly-ironmen:xavier-duvalier,men_KING_kingsmoor-poly-ironmen,NO,NO,NO,NO,NO,NO,NO,NO,NO,NO,YES,NO,NO,NO,NO,NO,NO,NO,NO,NO,NO,NO,NO,NO,NO,False,False,False,False
c_0000060,e_00000089,Xavier Duvalier,player NCAA,2025-2026:men:men_KING_kingsmoor-poly-ironmen:xavier-duvalier,men_KING_kingsmoor-poly-ironmen,YES,YES,NO,NO,NO,NO,NO,NO,NO,NO,NO,NO,NO,NO,NO,NO,NO,NO,NO,NO,NO,NO,NO,NO,NO,False,False,False,False
c_0000061,e_00000090,Xavier Duvalier,player NCAA,2025-2026:men:men_KING_kingsmoor-poly-ironmen:xavier-duvalier,men_KING_kingsmoor-poly-ironmen,NO,NO,NO,NO,NO,NO,NO,NO,NO,NO,NO,NO,NO,NO,NO,NO,NO,NO,NO,NO,NO,NO,NO,NO,NO,False,False,False,False
c_0000061,e_00000091,Yancy Hargrove,player NCAA,2025-2026:men:men_VELL_vellmont-tech-cyclones:yancy-hargrove,men_VELL_vellmont-tech-cyclones,NO,NO,NO,NO,NO,NO,NO,NO,NO,NO,YES,NO,NO,NO,NO,NO,YES,NO,NO,NO,NO,NO,NO,NO,NO,False,False,False,False
c_0000061,e_00000092,Omar Ellsworth,player NCAA,2025-2026:men:men_VELL_vellmont-tech-cyclones:omar-ellsworth,men_VELL_vellmont-tech-cyclones,NO,NO,NO,NO,NO,NO,NO,NO,NO,NO,YES,NO,NO,NO,NO,NO,NO,NO,NO,NO,NO,NO,NO,NO,NO,False,False,False,False
c_0000062,e_00000093,Xavier Duvalier,player NCAA,2025-2026:men:men_KING_kingsmoor-poly-ironmen:xavier-duvalier,men_KING_kingsmoor-poly-ironmen,NO,NO,NO,NO,NO,NO,NO,NO,NO,NO,YES,NO,NO,NO,NO,NO,NO,NO,NO,NO,NO,NO,NO,NO,NO,False,False,False,False
c_0000063,e_00000094,Xavier Duvalier,player NCAA,2025-2026:men:men_KING_kingsmoor-poly-ironmen:xavier-duvalier,men_KING_kingsmoor-poly-ironmen,YES,YES,NO,NO,NO,NO,NO,NO,NO,NO,YES,NO,NO,NO,NO,NO,NO,NO,NO,NO,NO,NO,NO,NO,NO,False,False,False,False
c_0000063,e_00000095,Yancy Hargrove,player NCAA,2025-2026:men:men_VELL_vellmont-tech-cyclones:yancy-hargrove,men_VELL_vellmont-tech-cyclones,YES,YES,YES,NO,NO,NO,NO,NO,NO,NO,YES,NO,NO,NO,NO,NO,NO,NO,NO,NO,NO,NO,NO,NO,NO,True,False,False,False
c_0000064,e_00000096,Xavier Duvalier,player NCAA,2025-2026:men:men_KING_kingsmoor-poly-ironmen:xavier-duvalier,men_KING_kingsmoor-poly-ironmen,NO,NO,NO,NO,NO,NO,NO,NO,NO,NO,YES,NO,NO,NO,NO,NO,NO,NO,NO,NO,NO,NO,NO,NO,NO,False,False,False,False
c_0000065,e_00000097,Xavier Duvalier,player NCAA,2025-2026:men:men_KING_kingsmoor-poly-ironmen:xavier-duvalier,men_KING_kingsmoor-poly-ironmen,YES,YES,NO,NO,NO,NO,NO,NO,NO,NO,YES,YES,YES,NO,NO,NO,NO,NO,NO,NO,NO,NO,NO,NO,NO,False,False,False,False
c_0000066,e_00000098,Xavier Duvalier,player NCAA,2025-2026:men:men_KING_kingsmoor-poly-ironmen:xavier-duvalier,men_KING_kingsmoor-poly-ironmen,NO,NO,NO,NO,NO,NO,NO,NO,NO,NO,YES,NO,NO,NO,NO,NO,NO,NO,NO,NO,NO,NO,NO,NO,NO,False,False,False,False
c_0000066,e_00000099,Yancy Hargrove,player NCAA,2025-2026:men:men_VELL_vellmont-tech-cyclones:yancy-hargrove,men_VELL_vellmont-tech-cyclones,NO,NO,NO,NO,NO,NO,NO,NO,NO,NO,YES,NO,NO,NO,NO,NO,NO,NO,NO,NO,NO,NO,NO,NO,NO,False,False,False,False
c_0000067,e_00000100,Xavier Duvalier,player NCAA,2025-2026:men:men_KING_kingsmoor-poly-ironmen:xavier-duvalier,men_KING_kingsmoor-poly-ironmen,NO,NO,NO,NO,NO,NO,NO,NO,NO,NO,YES,NO,YES,NO,NO,NO,NO,NO,NO,NO,NO,NO,NO,NO,NO,False,False,False,False
c_0000067,e_00000101,Jalen Wexler,player NCAA,2025-2026:men:men_KING_kingsmoor-poly-ironmen:jalen-wexler,men_KING_kingsmoor-poly-ironmen,YES,YES,NO,NO,NO,NO,NO,NO,NO,NO,YES,NO,NO,NO,NO,NO,NO,NO,NO,NO,YES,NO,NO,NO,NO,False,False,False,False
c_0000068,e_00000102,Xavier Duvalier,player NCAA,2025-2026:men:men_KING_kingsmoor-poly-ironmen:xavier-duvalier,men_KING_kingsmoor-poly-ironmen,YES,YES,YES,NO,NO,NO,NO,NO,NO,NO,YES,NO,NO,NO,NO,NO,NO,NO,NO,NO,NO,NO,NO,NO,NO,True,False,False,False
c_0000068,e_00000103,Yancy Hargrove,player NCAA,2025-2026:men:men_VELL_vellmont-tech-cyclones:yancy-hargrove,men_VELL_vellmont-tech-cyclones,NO,NO,NO,NO,NO,NO,NO,NO,NO,NO,YES,NO,NO,NO,NO,NO,NO,NO,NO,NO,NO,NO,NO,NO,NO,False,False,False,False
c_0000069,e_00000104,Xavier Duvalier,player NCAA,2025-2026:men:men_KING_kingsmoor-poly-ironmen:xavier-duvalier,men_KING_kingsmoor-poly-ironmen,NO,NO,NO,NO,NO,NO,NO,NO,NO,NO,YES,NO,NO,NO,NO,NO,NO,NO,NO,YES,NO,NO,NO,NO,NO,False,True,False,False
c_0000069,e_00000105,Yancy Hargrove,player NCAA,2025-2026:men:men_VELL_vellmont-tech-cyclones:yancy-hargrove,men_VELL_vellmont-tech-cyclones,NO,NO,NO,NO,NO,NO,NO,NO,NO,NO,YES,NO,NO,NO,NO,YES,NO,NO,NO,NO,NO,NO,NO,NO,NO,False,False,False,False
c_0000069,e_00000106,Omar Ellsworth,player NCAA,2025-2026:men:men_VELL_vellmont-tech-cyclones:omar-ellsworth,men_VELL_vellmont-tech-cyclones,NO,NO,NO,NO,NO,NO,NO,NO,NO,NO,NO,NO,NO,NO,NO,NO,NO,NO,NO,NO,NO,NO,NO,NO,NO,False,False,False,False
c_0000069,e_00000107,Dominic Eastwick,player NCAA,2025-2026:men:men_VELL_vellmont-tech-cyclones:dominic-eastwick,men_VELL_vellmont-tech-cyclones,NO,NO,NO,NO,NO,NO,NO,NO,NO,NO,NO,NO,YES,NO,NO,NO,NO,NO,NO,NO,NO,NO,NO,NO,NO,False,False,False,False
c_0000069,e_00000108,Jalen Wexler,player NCAA,2025-2026:men:men_KING_kingsmoor-poly-ironmen:jalen-wexler,men_KING_kingsmoor-poly-ironmen,YES,YES,NO,NO,NO,NO,NO,NO,NO,NO,YES,NO,NO,NO,YES,NO,NO,NO,NO,NO,NO,NO,NO,NO,NO,False,False,False,False
c_0000070,e_00000109,Yancy Hargrove,player NCAA,2025-2026:men:men_VELL_vellmont-tech-cyclones:yancy-hargrove,men_VELL_vellmont-tech-cyclones,NO,NO,NO,NO,NO,NO,NO,NO,NO,NO,NO,NO,NO,NO,NO,NO,NO,NO,NO,NO,NO,NO,NO,NO,NO,False,False,False,False
c_0000070,e_00000110,Xavier Duvalier,player NCAA,2025-2026:men:men_KING_kingsmoor-poly-ironmen:xavier-duvalier,men_KING_kingsmoor-poly-ironmen,NO,NO,NO,NO,NO,NO,NO,NO,NO,NO,YES,NO,NO,NO,NO,YES,NO,NO,YES,NO,NO,NO,NO,NO,NO,False,True,False,False
c_0000071,e_00000111,Xavier Duvalier,player NCAA,2025-2026:men:men_KING_kingsmoor-poly-ironmen:xavier-duvalier,men_KING_kingsmoor-poly-ironmen,NO,NO,NO,NO,NO,NO,NO,NO,NO,NO,YES,NO,NO,NO,NO,NO,NO,NO,NO,YES,NO,NO,ROOT_SUBMISSION,YES,NO,False,True,True,False
c_0000071,e_00000112,Yancy Hargrove,player NCAA,2025-2026:men:men_VELL_vellmont-tech-cyclones:yancy-hargrove,men_VELL_vellmont-tech-cyclones,NO,NO,NO,NO,NO,NO,NO,NO,NO,NO,YES,NO,YES,NO,NO,NO,NO,NO,NO,NO,NO,NO,NO,NO,NO,False,False,False,False
c_0000071,e_00000113,Omar Ellsworth,player NCAA,2025-2026:men:men_VELL_vellmont-tech-cyclones:omar-ellsworth,men_VELL_vellmont-tech-cyclones,NO,NO,NO,NO,NO,NO,NO,NO,NO,NO,YES,NO,NO,NO,NO,NO,NO,NO,NO,NO,NO,NO,NO,NO,NO,False,False,False,False
c_0000071,e_00000114,Dominic Eastwick,player NCAA,2025-2026:men:men_VELL_vellmont-tech-cyclones:dominic-eastwick,men_VELL_vellmont-tech-cyclones,NO,NO,NO,NO,NO,NO,NO,NO,NO,NO,YES,NO,NO,NO,NO,NO,NO,NO,NO,NO,NO,NO,NO,NO,NO,False,False,False,False
c_0000071,e_00000115,Roland Duvalier,player NCAA,2025-2026:men:men_ORCH_orchard-hill-college-mariners:roland-duvalier,men_ORCH_orchard-hill-college-mariners,NO,NO,NO,NO,NO,NO,NO,NO,NO,NO,NO,NO,NO,NO,NO,NO,NO,NO,NO,NO,NO,NO,NO,NO,NO,False,False,False,False
c_0000072,e_00000116,Xavier Duvalier,player NCAA,2025-2026:men:men_KING_kingsmoor-poly-ironmen:xavier-duvalier,men_KING_kingsmoor-poly-ironmen,YES,YES,NO,NO,NO,NO,NO,NO,NO,NO,YES,NO,NO,NO,NO,NO,NO,NO,NO,NO,NO,NO,NO,NO,NO,False,False,False,False
c_0000073,e_00000117,Yancy Hargrove,player NCAA,2025-2026:men:men_VELL_vellmont-tech-cyclones:yancy-hargrove,men_VELL_vellmont-tech-cyclones,NO,NO,NO,NO,NO,NO,NO,NO,NO,NO,YES,NO,NO,NO,NO,NO,NO,NO,NO,NO,NO,NO,NO,NO,NO,False,False,False,False
c_0000073,e_00000118,Xavier Duvalier,player NCAA,2025-2026:men:men_KING_kingsmoor-poly-ironmen:xavier-duvalier,men_KING_kingsmoor-poly-ironmen,NO,NO,NO,NO,NO,NO,NO,NO,NO,NO,YES,NO,YES,YES,NO,NO,NO,NO,NO,NO,NO,NO,NO,NO,NO,False,False,False,False
c_0000074,e_00000119,Yancy Hargrove,player NCAA,2025-2026:men:men_VELL_vellmont-tech-cyclones:yancy-hargrove,men_VELL_vellmont-tech-cyclones,NO,NO,NO,NO,NO,NO,NO,NO,NO,NO,YES,NO,NO,NO,NO,NO,NO,NO,NO,NO,NO,NO,NO,NO,NO,False,False,False,False
c_0000074,e_00000120,Xavier Duvalier,player NCAA,2025-2026:men:men_KING_kingsmoor-poly-ironmen:xavier-duvalier,men_KING_kingsmoor-poly-ironmen,NO,NO,NO,NO,NO,NO,NO,NO,NO,NO,YES,NO,NO,NO,NO,NO,NO,NO,NO,NO,NO,NO,NO,NO,NO,False,False,False,False
c_0000075,e_00000121,Xavier Duvalier,player NCAA,2025-2026:men:men_KING_kingsmoor-poly-ironmen:xavier-duvalier,men_KING_kingsmoor-poly-ironmen,NO,NO,NO,NO,NO,NO,NO,NO,NO,NO,YES,NO,NO,NO,NO,NO,NO,NO,NO,NO,NO,NO,NO,NO,NO,False,False,False,False
c_0000075,e_00000122,Yancy Hargrove,player NCAA,2025-2026:men:men_VELL_vellmont-tech-cyclones:yancy-hargrove,men_VELL_vellmont-tech-cyclones,NO,NO,NO,NO,NO,NO,NO,NO,NO,NO,YES,NO,NO,NO,NO,NO,NO,NO,NO,NO,NO,NO,NO,NO,NO,False,False,False,False
c_0000076,e_00000123,Xavier Duvalier,player NCAA,2025-2026:men:men_KING_kingsmoor-poly-ironmen:xavier-duvalier,men_KING_kingsmoor-poly-ironmen,NO,NO,NO,NO,NO,NO,NO,NO,NO,NO,NO,NO,NO,NO,NO,NO,NO,NO,NO,NO,NO,NO,NO,NO,NO,False,False,False,False
c_0000076,e_00000124,Lorenzo Vandergriff,player NCAA,2025-2026:men:men_KING_kingsmoor-poly-ironmen:lorenzo-vandergriff,men_KING_kingsmoor-poly-ironmen,NO,NO,NO,NO,NO,NO,NO,NO,NO,NO,YES,NO,NO,NO,NO,NO,NO,NO,NO,NO,NO,NO,NO,NO,NO,False,False,False,False
c_0000076,e_00000125,Jalen Wexler,player NCAA,2025-2026:men:men_KING_kingsmoor-poly-ironmen:jalen-wexler,men_KING_kingsmoor-poly-ironmen,NO,NO,NO,NO,NO,NO,NO,NO,NO,NO,YES,NO,YES,NO,NO,NO,NO,NO,NO,NO,NO,NO,NO,NO,NO,False,False,False,False
c_0000076,e_00000126,Jalen Petrov,player NCAA,2025-2026:men:men_KING_kingsmoor-poly-ironmen:jalen-petrov,men_KING_kingsmoor-poly-ironmen,NO,NO,NO,NO,NO,NO,NO,NO,NO,NO,NO,YES,NO,NO,NO,NO,NO,NO,NO,NO,NO,NO,NO,NO,NO,False,False,False,False
c_0000076,e_00000127,Terrance Wickham,player NCAA,2025-2026:men:men_VINE_vinewood-a-m-timberwolves:terrance-wickham,men_VINE_vinewood-a-m-timberwolves,NO,NO,NO,NO,NO,NO,NO,NO,NO,NO,YES,NO,NO,NO,NO,NO,NO,NO,NO,NO,NO,NO,NO,NO,NO,False,False,False,False
c_0000077,e_00000128,Xavier Duvalier,player NCAA,2025-2026:men:men_KING_kingsmoor-poly-ironmen:xavier-duvalier,men_KING_kingsmoor-poly-ironmen,NO,NO,NO,NO,NO,NO,NO,NO,NO,NO,YES,NO,NO,NO,NO,NO,NO,NO,NO,NO,NO,NO,NO,NO,NO,False,False,False,False
c_0000077,e_00000129,Lorenzo Vandergriff,player NCAA,2025-2026:men:men_KING_kingsmoor-poly-ironmen:lorenzo-vandergriff,men_KING_kingsmoor-poly-ironmen,NO,NO,NO,NO,NO,NO,NO,NO,NO,NO,YES,NO,NO,NO,NO,NO,NO,NO,NO,NO,NO,NO,NO,NO,NO,False,False,False,False
c_0000078,e_00000130,Xavier Duvalier,player NCAA,2025-2026:men:men_KING_kingsmoor-poly-ironmen:xavier-duvalier,men_KING_kingsmoor-poly-ironmen,NO,NO,NO,NO,NO,NO,NO,NO,NO,NO,YES,NO,NO,NO,NO,NO,NO,NO,NO,NO,NO,NO,NO,NO,NO,False,False,False,False
c_0000078,e_00000131,Yancy Hargrove,player NCAA,2025-2026:men:men_VELL_vellmont-tech-cyclones:yancy-hargrove,men_VELL_vellmont-tech-cyclones,NO,NO,NO,NO,NO,NO,NO,NO,NO,NO,YES,NO,NO,NO,NO,NO,NO,NO,NO,NO,NO,NO,NO,NO,NO,False,False,False,False
c_0000078,e_00000132,Roland Duvalier,player NCAA,2025-2026:men:men_ORCH_orchard-hill-college-mariners:roland-duvalier,men_ORCH_orchard-hill-college-mariners,NO,NO,NO,NO,NO,NO,NO,NO,NO,NO,YES,NO,NO,NO,NO,NO,NO,NO,NO,NO,NO,NO,NO,NO,NO,False,False,False,False
c_0000079,e_00000133,Xavier Duvalier,player NCAA,2025-2026:men:men_KING_kingsmoor-poly-ironmen:xavier-duvalier,men_KING_kingsmoor-poly-ironmen,NO,NO,NO,NO,NO,NO,NO,NO,NO,NO,YES,NO,NO,NO,NO,NO,YES,NO,NO,NO,NO,NO,NO,NO,NO,False,False,False,False
c_0000079,e_00000134,Yancy Hargrove,player NCAA,2025-2026:men:men_VELL_vellmont-tech-cyclones:yancy-hargrove,men_VELL_vellmont-tech-cyclones,NO,NO,NO,NO,NO,NO,NO,NO,NO,NO,YES,NO,NO,NO,NO,NO,NO,NO,NO,NO,NO,NO,NO,NO,NO,False,False,False,False
c_0000080,e_00000135,Xavier Duvalier,player NCAA,2025-2026:men:men_KING_kingsmoor-poly-ironmen:xavier-duvalier,men_KING_kingsmoor-poly-ironmen,NO,NO,NO,NO,NO,NO,NO,NO,NO,NO,YES,NO,NO,NO,NO,NO,NO,NO,NO,NO,NO,NO,NO,NO,NO,False,False,False,False
c_0000081,e_00000136,Xavier Duvalier,player NCAA,2025-2026:men:men_KING_kingsmoor-poly-ironmen:xavier-duvalier,men_KING_kingsmoor-poly-ironmen,NO,NO,NO,NO,NO,NO,NO,NO,NO,NO,YES,YES,NO,NO,NO,NO,NO,NO,NO,YES,NO,NO,NO,NO,NO,False,True,False,False
c_0000081,e_00000137,Lorenzo Vandergriff,player NCAA,2025-2026:men:men_KING_kingsmoor-poly-ironmen:lorenzo-vandergriff,men_KING_kingsmoor-poly-ironmen,NO,NO,NO,NO,NO,NO,NO,NO,NO,NO,YES,NO,NO,NO,NO,NO,NO,NO,NO,NO,NO,NO,NO,NO,NO,False,False,False,False
c_0000082,e_00000138,Omar Ellsworth,player NCAA,2025-2026:men:men_VELL_vellmont-tech-cyclones:omar-ellsworth,men_VELL_vellmont-tech-cyclones,NO,NO,NO,NO,NO,NO,NO,NO,NO,NO,YES,NO,NO,NO,NO,NO,NO,NO,NO,NO,NO,NO,NO,NO,NO,False,False,False,False
c_0000082,e_00000139,Xavier Duvalier,player NCAA,2025-2026:men:men_KING_kingsmoor-poly-ironmen:xavier-duvalier,men_KING_kingsmoor-poly-ironmen,NO,NO,NO,NO,NO,NO,NO,NO,NO,NO,YES,NO,NO,NO,NO,NO,NO,NO,NO,NO,NO,NO,NO,NO,NO,False,False,False,False
c_0000083,e_00000140,Xavier Duvalier,player NCAA,2025-2026:men:men_KING_kingsmoor-poly-ironmen:xavier-duvalier,men_KING_kingsmoor-poly-ironmen,NO,NO,NO,NO,NO,NO,NO,NO,NO,NO,YES,NO,NO,NO,NO,NO,NO,NO,NO,NO,NO,NO,NO,NO,NO,False,False,False,False
c_0000083,e_00000141,Yancy Hargrove,player NCAA,2025-2026:men:men_VELL_vellmont-tech-cyclones:yancy-hargrove,men_VELL_vellmont-tech-cyclones,YES,YES,YES,NO,NO,NO,NO,NO,NO,NO,NO,NO,NO,NO,NO,NO,NO,NO,NO,NO,NO,NO,NO,NO,NO,True,False,False,False
c_0000083,e_00000142,Omar Ellsworth,player NCAA,2025-2026:men:men_VELL_vellmont-tech-cyclones:omar-ellsworth,men_VELL_vellmont-tech-cyclones,YES,YES,NO,NO,NO,NO,NO,NO,NO,NO,YES,NO,NO,NO,NO,NO,NO,NO,NO,NO,NO,NO,NO,NO,NO,False,False,False,False
c_0000083,e_00000143,Dominic Eastwick,player NCAA,2025-2026:men:men_VELL_vellmont-tech-cyclones:dominic-eastwick,men_VELL_vellmont-tech-cyclones,NO,NO,NO,NO,NO,NO,NO,NO,NO,NO,YES,NO,NO,NO,NO,NO,NO,NO,NO,NO,NO,NO,NO,NO,NO,False,False,False,False
c_0000084,e_00000144,Xavier Duvalier,player NCAA,2025-2026:men:men_KING_kingsmoor-poly-ironmen:xavier-duvalier,men_KING_kingsmoor-poly-ironmen,YES,YES,NO,NO,NO,NO,NO,NO,NO,NO,YES,NO,NO,NO,NO,NO,NO,NO,NO,NO,NO,NO,NO,NO,NO,False,False,False,False
c_0000084,e_00000145,Yancy Hargrove,player NCAA,2025-2026:men:men_VELL_vellmont-tech-cyclones:yancy-hargrove,men_VELL_vellmont-tech-cyclones,NO,NO,NO,NO,NO,NO,NO,NO,NO,NO,YES,NO,NO,NO,NO,NO,NO,NO,NO,NO,NO,NO,NO,NO,NO,False,False,False,False
c_0000085,e_00000146,Xavier Duvalier,player NCAA,2025-2026:men:men_KING_kingsmoor-poly-ironmen:xavier-duvalier,men_KING_kingsmoor-poly-ironmen,NO,NO,NO,NO,NO,NO,NO,NO,NO,NO,YES,NO,NO,NO,NO,NO,NO,NO,NO,YES,NO,NO,NO,NO,NO,False,True,False,False
c_0000086,e_00000147,Xavier Duvalier,player NCAA,2025-2026:men:men_KING_kingsmoor-poly-ironmen:xavier-duvalier,men_KING_kingsmoor-poly-ironmen,NO,NO,NO,NO,NO,NO,NO,NO,NO,NO,NO,NO,NO,NO,NO,NO,NO,NO,NO,NO,NO,NO,NO,NO,NO,False,False,False,False
c_0000087,e_00000148,Xavier Duvalier,player NCAA,2025-2026:men:men_KING_kingsmoor-poly-ironmen:xavier-duvalier,men_KING_kingsmoor-poly-ironmen,NO,NO,NO,NO,NO,NO,NO,NO,NO,NO,YES,NO,NO,NO,NO,NO,NO,NO,NO,NO,NO,NO,NO,NO,NO,False,False,False,False
c_0000088,e_00000149,Yancy Hargrove,player NCAA,2025-2026:men:men_VELL_vellmont-tech-cyclones:yancy-hargrove,men_VELL_vellmont-tech-cyclones,NO,NO,NO,NO,NO,NO,NO,NO,NO,NO,YES,NO,NO,NO,NO,NO,NO,NO,NO,NO,NO,NO,NO,NO,NO,False,False,False,False
c_0000088,e_00000150,Xavier Duvalier,player NCAA,2025-2026:men:men_KING_kingsmoor-poly-ironmen:xavier-duvalier,men_KING_kingsmoor-poly-ironmen,NO,NO,NO,NO,NO,NO,NO,NO,NO,NO,YES,NO,NO,NO,NO,NO,NO,NO,NO,NO,NO,NO,NO,NO,NO,False,False,False,False
c_0000089,e_00000151,Xavier Duvalier,player NCAA,2025-2026:men:men_KING_kingsmoor-poly-ironmen:xavier-duvalier,men_KING_kingsmoor-poly-ironmen,NO,NO,NO,NO,NO,NO,NO,NO,NO,NO,NO,NO,NO,NO,NO,NO,NO,NO,NO,NO,NO,NO,NO,NO,NO,False,False,False,False
c_0000090,e_00000152,Xavier Duvalier,player NCAA,2025-2026:men:men_KING_kingsmoor-poly-ironmen:xavier-duvalier,men_KING_kingsmoor-poly-ironmen,NO,NO,NO,NO,NO,NO,NO,NO,NO,NO,YES,NO,NO,NO,NO,NO,NO,NO,NO,NO,NO,NO,NO,NO,NO,False,False,False,False
c_0000090,e_00000153,Jalen Wexler,player NCAA,2025-2026:men:men_KING_kingsmoor-poly-ironmen:jalen-wexler,men_KING_kingsmoor-poly-ironmen,YES,YES,YES,NO,YES,NO,NO,NO,NO,NO,YES,NO,NO,NO,NO,NO,NO,NO,NO,NO,NO,NO,NO,NO,NO,True,False,False,False
c_0000091,e_00000154,Yancy Hargrove,player NCAA,2025-2026:men:men_VELL_vellmont-tech-cyclones:yancy-hargrove,men_VELL_vellmont-tech-cyclones,NO,NO,NO,NO,NO,NO,NO,NO,NO,NO,YES,YES,NO,NO,NO,NO,NO,NO,NO,NO,NO,NO,NO,NO,NO,False,False,False,False
c_0000091,e_00000155,Xavier Duvalier,player NCAA,2025-2026:men:men_KING_kingsmoor-poly-ironmen:xavier-duvalier,men_KING_kingsmoor-poly-ironmen,NO,NO,NO,NO,NO,NO,NO,NO,NO,NO,NO,NO,NO,NO,NO,NO,NO,NO,NO,NO,NO,NO,NO,NO,NO,False,False,False,False
c_0000092,e_00000156,Xavier Duvalier,player NCAA,2025-2026:men:men_KING_kingsmoor-poly-ironmen:xavier-duvalier,men_KING_kingsmoor-poly-ironmen,NO,NO,NO,NO,NO,NO,NO,NO,NO,NO,YES,NO,YES,NO,NO,NO,NO,NO,YES,YES,NO,NO,NO,NO,NO,False,True,False,False
c_0000092,e_00000157,Jalen Wexler,player NCAA,2025-2026:men:men_KING_kingsmoor-poly-ironmen:jalen-wexler,men_KING_kingsmoor-poly-ironmen,NO,NO,NO,NO,NO,NO,NO,NO,NO,NO,NO,YES,NO,NO,NO,NO,NO,NO,NO,NO,NO,NO,NO,NO,NO,False,False,False,False
c_0000092,e_00000158,Jalen Petrov,player NCAA,2025-2026:men:men_KING_kingsmoor-poly-ironmen:jalen-petrov,men_KING_kingsmoor-poly-ironmen,NO,NO,NO,NO,NO,NO,NO,NO,NO,NO,NO,NO,NO,NO,NO,NO,NO,NO,NO,NO,NO,NO,NO,NO,NO,False,False,False,False
c_0000093,e_00000159,Xavier Duvalier,player NCAA,2025-2026:men:men_KING_kingsmoor-poly-ironmen:xavier-duvalier,men_KING_kingsmoor-poly-ironmen,NO,NO,NO,NO,NO,NO,NO,NO,NO,NO,YES,NO,NO,NO,NO,NO,NO,NO,NO,NO,NO,NO,NO,NO,NO,False,False,False,False
c_0000094,e_00000160,Xavier Duvalier,player NCAA,2025-2026:men:men_KING_kingsmoor-poly-ironmen:xavier-duvalier,men_KING_kingsmoor-poly-ironmen,NO,NO,NO,NO,NO,NO,NO,NO,NO,NO,NO,NO,NO,NO,NO,NO,NO,NO,NO,NO,NO,NO,NO,NO,NO,False,False,False,False
c_0000094,e_00000161,Omar Ellsworth,player NCAA,2025-2026:men:men_VELL_vellmont-tech-cyclones:omar-ellsworth,men_VELL_vellmont-tech-cyclones,NO,NO,NO,NO,NO,NO,NO,NO,NO,NO,YES,NO,NO,NO,NO,NO,NO,NO,NO,NO,NO,NO,NO,NO,NO,False,False,False,False
c_0000095,e_00000162,Xavier Duvalier,player NCAA,2025-2026:men:men_KING_kingsmoor-poly-ironmen:xavier-duvalier,men_KING_kingsmoor-poly-ironmen,NO,NO,NO,NO,NO,NO,NO,NO,NO,NO,YES,NO,YES,NO,NO,NO,NO,NO,NO,NO,NO,NO,NO,NO,NO,False,False,False,False
c_0000096,e_00000163,Xavier Duvalier,player NCAA,2025-2026:men:men_KING_kingsmoor-poly-ironmen:xavier-duvalier,men_KING_kingsmoor-poly-ironmen,NO,NO,NO,NO,NO,NO,NO,NO,NO,NO,YES,NO,NO,NO,NO,NO,NO,NO,NO,NO,NO,NO,NO,NO,NO,False,False,False,False
c_0000096,e_00000164,Yancy Hargrove,player NCAA,2025-2026:men:men_VELL_vellmont-tech-cyclones:yancy-hargrove,men_VELL_vellmont-tech-cyclones,NO,NO,NO,NO,NO,NO,NO,NO,NO,NO,NO,NO,NO,NO,NO,NO,NO,NO,NO,NO,NO,NO,NO,NO,NO,False,False,False,False
c_0000096,e_00000165,Omar Ellsworth,player NCAA,2025-2026:men:men_VELL_vellmont-tech-cyclones:omar-ellsworth,men_VELL_vellmont-tech-cyclones,YES,YES,YES,NO,NO,NO,NO,NO,NO,NO,YES,NO,NO,NO,NO,NO,NO,NO,NO,NO,NO,NO,NO,NO,NO,True,False,False,False
c_0000097,e_00000166,Xavier Duvalier,player NCAA,2025-2026:men:men_KING_kingsmoor-poly-ironmen:xavier-duvalier,men_KING_kingsmoor-poly-ironmen,NO,NO,NO,NO,NO,NO,NO,NO,NO,NO,YES,NO,NO,NO,NO,NO,NO,NO,NO,NO,NO,NO,NO,NO,NO,False,False,False,False
c_0000098,e_00000167,Xavier Duvalier,player NCAA,2025-2026:men:men_KING_kingsmoor-poly-ironmen:xavier-duvalier,men_KING_kingsmoor-poly-ironmen,YES,YES,YES,NO,NO,NO,NO,NO,NO,NO,YES,NO,NO,NO,NO,NO,NO,NO,NO,NO,NO,NO,NO,NO,NO,True,False,False,False
c_0000099,e_00000168,Xavier Duvalier,player NCAA,2025-2026:men:men_KING_kingsmoor-poly-ironmen:xavier-duvalier,men_KING_kingsmoor-poly-ironmen,NO,NO,NO,NO,NO,NO,NO,NO,NO,NO,YES,NO,NO,NO,NO,NO,NO,NO,NO,NO,NO,NO,NO,NO,NO,False,False,False,False
c_0000100,e_00000169,Xavier Duvalier,player NCAA,2025-2026:men:men_KING_kingsmoor-poly-ironmen:xavier-duvalier,men_KING_kingsmoor-poly-ironmen,NO,NO,NO,NO,NO,NO,NO,NO,NO,NO,NO,NO,NO,NO,NO,NO,NO,NO,NO,NO,NO,NO,NO,NO,NO,False,False,False,False
c_0000100,e_00000170,Yancy Hargrove,player NCAA,2025-2026:men:men_VELL_vellmont-tech-cyclones:yancy-hargrove,men_VELL_vellmont-tech-cyclones,NO,NO,NO,NO,NO,NO,NO,NO,NO,NO,YES,NO,NO,NO,NO,NO,NO,NO,NO,NO,NO,NO,NO,NO,NO,False,False,False,False
c_0000101,e_00000171,Xavier Duvalier,player NCAA,2025-2026:men:men_KING_kingsmoor-poly-ironmen:xavier-duvalier,men_KING_kingsmoor-poly-ironmen,YES,YES,YES,NO,NO,NO,NO,NO,NO,NO,YES,NO,NO,NO,NO,NO,NO,NO,NO,NO,NO,NO,NO,NO,NO,True,False,False,False
c_0000102,e_00000172,Xavier Duvalier,player NCAA,2025-2026:men:men_KING_kingsmoor-poly-ironmen:xavier-duvalier,men_KING_kingsmoor-poly-ironmen,NO,NO,NO,NO,NO,NO,NO,NO,NO,NO,NO,NO,NO,NO,NO,NO,NO,NO,NO,NO,NO,NO,NO,NO,NO,False,False,False,False
c_0000102,e_00000173,Yancy Hargrove,player NCAA,2025-2026:men:men_VELL_vellmont-tech-cyclones:yancy-hargrove,men_VELL_vellmont-tech-cyclones,NO,NO,NO,NO,NO,NO,NO,NO,NO,NO,NO,NO,NO,NO,NO,NO,NO,NO,NO,NO,YES,NO,NO,NO,NO,False,False,False,False
c_0000103,e_00000174,Xavier Duvalier,player NCAA,2025-2026:men:men_KING_kingsmoor-poly-ironmen:xavier-duvalier,men_KING_kingsmoor-poly-ironmen,NO,NO,NO,NO,NO,NO,NO,NO,NO,NO,YES,NO,NO,NO,NO,NO,NO,NO,NO,YES,NO,NO,NO,NO,NO,False,True,False,False
c_0000103,e_00000175,Lorenzo Vandergriff,player NCAA,2025-2026:men:men_KING_kingsmoor-poly-ironmen:lorenzo-vandergriff,men_KING_kingsmoor-poly-ironmen,NO,NO,NO,NO,NO,NO,NO,NO,NO,NO,YES,NO,NO,NO,NO,NO,YES,NO,NO,NO,NO,NO,NO,NO,NO,False,False,False,False
c_0000104,e_00000176,Xavier Duvalier,player NCAA,2025-2026:men:men_KING_kingsmoor-poly-ironmen:xavier-duvalier,men_KING_kingsmoor-poly-ironmen,NO,NO,NO,NO,NO,NO,NO,NO,NO,NO,YES,NO,NO,NO,NO,NO,NO,NO,NO,NO,NO,NO,NO,NO,NO,False,False,False,False
c_0000104,e_00000177,Terrance Wickham,player NCAA,2025-2026:men:men_VINE_vinewood-a-m-timberwolves:terrance-wickham,men_VINE_vinewood-a-m-timberwolves,NO,NO,NO,NO,NO,NO,NO,NO,NO,NO,YES,NO,NO,NO,NO,NO,NO,NO,NO,NO,NO,YES,NO,NO,NO,False,False,False,False
c_0000105,e_00000178,Xavier Duvalier,player NCAA,2025-2026:men:men_KING_kingsmoor-poly-ironmen:xavier-duvalier,men_KING_kingsmoor-poly-ironmen,NO,NO,NO,NO,NO,NO,NO,NO,NO,NO,YES,NO,NO,NO,NO,NO,NO,NO,NO,NO,NO,NO,NO,NO,NO,False,False,False,False
c_0000106,e_00000179,Xavier Duvalier,player NCAA,2025-2026:men:men_KING_kingsmoor-poly-ironmen:xavier-duvalier,men_KING_kingsmoor-poly-ironmen,YES,YES,YES,NO,NO,NO,NO,NO,NO,NO,YES,YES,NO,NO,NO,NO,NO,NO,NO,NO,NO,NO,NO,NO,NO,True,False,False,False
c_0000107,e_00000180,Xavier Duvalier,player NCAA,2025-2026:men:men_KING_kingsmoor-poly-ironmen:xavier-duvalier,men_KING_kingsmoor-poly-ironmen,NO,NO,NO,NO,NO,NO,NO,NO,NO,NO,NO,NO,NO,YES,NO,NO,NO,NO,NO,NO,NO,NO,NO,NO,NO,False,False,False,False
c_0000107,e_00000181,Lorenzo Vandergriff,player NCAA,2025-2026:men:men_KING_kingsmoor-poly-ironmen:lorenzo-vandergriff,men_KING_kingsmoor-poly-ironmen,NO,NO,NO,NO,NO,NO,NO,NO,NO,NO,YES,YES,NO,NO,NO,NO,NO,NO,NO,NO,NO,NO,NO,NO,NO,False,False,False,False
c_0000108,e_00000182,Xavier Duvalier,player NCAA,2025-2026:men:men_KING_kingsmoor-poly-ironmen:xavier-duvalier,men_KING_kingsmoor-poly-ironmen,NO,NO,NO,NO,NO,NO,NO,NO,NO,NO,NO,NO,NO,NO,NO,NO,NO,NO,NO,NO,NO,NO,NO,NO,NO,False,False,False,False
c_0000109,e_00000183,Xavier Duvalier,player NCAA,2025-2026:men:men_KING_kingsmoor-poly-ironmen:xavier-duvalier,men_KING_kingsmoor-poly-ironmen,NO,NO,NO,NO,NO,NO,NO,NO,NO,NO,NO,NO,NO,NO,NO,NO,NO,NO,NO,NO,NO,NO,NO,NO,NO,False,False,False,False
c_0000109,e_00000184,Xavier Jimenez,player NCAA,2025-2026:men:men_VINE_vinewood-a-m-timberwolves:xavier-jimenez,men_VINE_vinewood-a-m-timberwolves,NO,NO,NO,NO,NO,NO,NO,NO,NO,NO,YES,NO,NO,NO,NO,NO,NO,NO,NO,NO,YES,NO,NO,NO,NO,False,False,False,False
c_0000110,e_00000185,Xavier Duvalier,player NCAA,2025-2026:men:men_KING_kingsmoor-poly-ironmen:xavier-duvalier,men_KING_kingsmoor-poly-ironmen,NO,NO,NO,NO,NO,NO,NO,NO,NO,NO,YES,NO,NO,NO,NO,NO,NO,NO,NO,NO,NO,NO,NO,NO,NO,False,False,False,False
c_0000111,e_00000186,Gideon Ustinov,player NCAA,2025-2026:men:men_IVYP_ivyport-university-sabers:gideon-ustinov,men_IVYP_ivyport-university-sabers,NO,NO,NO,NO,NO,NO,NO,NO,NO,NO,YES,NO,NO,NO,NO,NO,NO,NO,NO,NO,NO,NO,NO,NO,NO,False,False,False,False
c_0000112,e_00000187,Xavier Duvalier,player NCAA,2025-2026:men:men_KING_kingsmoor-poly-ironmen:xavier-duvalier,men_KING_kingsmoor-poly-ironmen,NO,NO,NO,NO,NO,NO,NO,NO,NO,NO,YES,NO,YES,NO,NO,NO,NO,NO,NO,NO,NO,NO,NO,NO,NO,False,False,False,False
c_0000113,e_00000188,Xavier Duvalier,player NCAA,2025-2026:men:men_KING_kingsmoor-poly-ironmen:xavier-duvalier,men_KING_kingsmoor-poly-ironmen,NO,NO,NO,NO,NO,NO,NO,NO,NO,NO,YES,NO,NO,NO,NO,NO,NO,NO,NO,NO,NO,NO,NO,NO,NO,False,False,False,False
c_0000113,e_00000189,Xavier Jimenez,player NCAA,2025-2026:men:men_VINE_vinewood-a-m-timberwolves:xavier-jimenez,men_VINE_vinewood-a-m-timberwolves,NO,NO,NO,NO,NO,NO,NO,NO,NO,NO,YES,NO,NO,NO,NO,NO,NO,NO,NO,NO,NO,NO,NO,NO,NO,False,False,False,False
c_0000114,e_00000190,Xavier Duvalier,player NCAA,2025-2026:men:men_KING_kingsmoor-poly-ironmen:xavier-duvalier,men_KING_kingsmoor-poly-ironmen,NO,NO,NO,NO,NO,NO,NO,NO,NO,NO,YES,NO,NO,NO,NO,NO,NO,NO,NO,NO,NO,NO,NO,NO,NO,False,False,False,False
c_0000115,e_00000191,Xavier Duvalier,player NCAA,2025-2026:men:men_KING_kingsmoor-poly-ironmen:xavier-duvalier,men_KING_kingsmoor-poly-ironmen,NO,NO,NO,NO,NO,NO,NO,NO,NO,NO,YES,YES,NO,NO,NO,NO,NO,NO,NO,NO,NO,NO,NO,NO,NO,False,False,False,False
c_0000115,e_00000192,Lorenzo Vandergriff,player NCAA,2025-2026:men:men_KING_kingsmoor-poly-ironmen:lorenzo-vandergriff,men_KING_kingsmoor-poly-ironmen,NO,NO,NO,NO,NO,NO,NO,NO,NO,NO,YES,NO,NO,NO,NO,NO,NO,NO,NO,NO,NO,NO,NO,NO,NO,False,False,False,False
c_0000116,e_00000193,Xavier Duvalier,player NCAA,2025-2026:men:men_KING_kingsmoor-poly-ironmen:xavier-duvalier,men_KING_kingsmoor-poly-ironmen,NO,NO,NO,NO,NO,NO,NO,NO,NO,NO,YES,NO,NO,NO,NO,NO,NO,NO,NO,NO,NO,NO,NO,NO,NO,False,False,False,False
c_0000117,e_00000194,Xavier Duvalier,player NCAA,2025-2026:men:men_KING_kingsmoor-poly-ironmen:xavier-duvalier,men_KING_kingsmoor-poly-ironmen,NO,NO,NO,NO,NO,NO,NO,NO,NO,NO,YES,NO,YES,NO,NO,NO,NO,NO,NO,NO,NO,NO,NO,NO,NO,False,False,False,False
c_0000117,e_00000195,Xavier Jimenez,player NCAA,2025-2026:men:men_VINE_vinewood-a-m-timberwolves:xavier-jimenez,men_VINE_vinewood-a-m-timberwolves,NO,NO,NO,NO,NO,NO,NO,NO,NO,NO,YES,NO,NO,NO,NO,NO,NO,NO,NO,NO,NO,NO,NO,NO,NO,False,False,False,False
c_0000117,e_00000196,Yancy Hargrove,player NCAA,2025-2026:men:men_VELL_vellmont-tech-cyclones:yancy-hargrove,men_VELL_vellmont-tech-cyclones,NO,NO,NO,NO,NO,NO,NO,NO,NO,NO,NO,NO,NO,NO,NO,NO,NO,NO,NO,NO,NO,NO,NO,NO,NO,False,False,False,False
c_0000117,e_00000197,Terrance Wickham,player NCAA,2025-2026:men:men_VINE_vinewood-a-m-timberwolves:terrance-wickham,men_VINE_vinewood-a-m-timberwolves,NO,NO,NO,NO,NO,NO,NO,NO,NO,NO,NO,NO,NO,NO,NO,NO,NO,NO,NO,NO,NO,NO,ROOT_SUBMISSION,YES,NO,False,False,True,False
c_0000117,e_00000198,Jalen Wexler,player NCAA,2025-2026:men:men_KING_kingsmoor-poly-ironmen:jalen-wexler,men_KING_kingsmoor-poly-ironmen,NO,NO,NO,NO,NO,NO,NO,NO,NO,NO,NO,NO,NO,NO,NO,NO,NO,NO,NO,NO,NO,NO,NO,NO,NO,False,False,False,False
c_0000118,e_00000199,Xavier Duvalier,player NCAA,2025-2026:men:men_KING_kingsmoor-poly-ironmen:xavier-duvalier,men_KING_kingsmoor-poly-ironmen,NO,NO,NO,NO,NO,NO,NO,NO,NO,NO,YES,NO,NO,NO,NO,NO,NO,NO,NO,NO,NO,NO,NO,NO,NO,False,False,False,False
c_0000118,e_00000200,Terrance Wickham,player NCAA,2025-2026:men:men_VINE_vinewood-a-m-timberwolves:terrance-wickham,men_VINE_vinewood-a-m-timberwolves,NO,NO,NO,NO,NO,NO,NO,NO,NO,NO,YES,NO,NO,NO,NO,NO,NO,NO,NO,NO,NO,NO,NO,NO,NO,False,False,False,False
c_0000119,e_00000201,Xavier Duvalier,player NCAA,2025-2026:men:men_KING_kingsmoor-poly-ironmen:xavier-duvalier,men_KING_kingsmoor-poly-ironmen,NO,NO,NO,NO,NO,NO,NO,NO,NO,NO,YES,NO,NO,NO,NO,NO,NO,NO,NO,NO,NO,NO,NO,NO,NO,False,False,False,False
c_0000120,e_00000202,Xavier Duvalier,player NCAA,2025-2026:men:men_KING_kingsmoor-poly-ironmen:xavier-duvalier,men_KING_kingsmoor-poly-ironmen,NO,NO,NO,NO,NO,NO,NO,NO,NO,NO,YES,NO,NO,NO,NO,NO,NO,NO,NO,NO,NO,NO,NO,NO,NO,False,False,False,False
c_0000121,e_00000203,Lorenzo Vandergriff,player NCAA,2025-2026:men:men_KING_kingsmoor-poly-ironmen:lorenzo-vandergriff,men_KING_kingsmoor-poly-ironmen,NO,NO,NO,NO,NO,NO,NO,NO,NO,NO,YES,NO,NO,NO,NO,NO,NO,NO,NO,NO,NO,NO,NO,NO,NO,False,False,False,False
c_0000122,e_00000204,Xavier Duvalier,player NCAA,2025-2026:men:men_KING_kingsmoor-poly-ironmen:xavier-duvalier,men_KING_kingsmoor-poly-ironmen,NO,NO,NO,NO,NO,NO,NO,NO,NO,NO,NO,YES,NO,NO,NO,NO,NO,NO,NO,NO,NO,NO,NO,NO,NO,False,False,False,False
c_0000123,e_00000205,Yancy Hargrove,player NCAA,2025-2026:men:men_VELL_vellmont-tech-cyclones:yancy-hargrove,men_VELL_vellmont-tech-cyclones,NO,NO,NO,NO,NO,NO,NO,NO,NO,NO,YES,NO,NO,NO,NO,NO,NO,NO,NO,NO,NO,NO,NO,NO,NO,False,False,False,False
c_0000124,e_00000206,Yancy Hargrove,player NCAA,2025-2026:men:men_VELL_vellmont-tech-cyclones:yancy-hargrove,men_VELL_vellmont-tech-cyclones,NO,NO,NO,NO,NO,NO,NO,NO,NO,NO,YES,NO,NO,NO,NO,NO,NO,NO,NO,NO,NO,YES,NO,NO,NO,False,False,False,False
c_0000124,e_00000207,Omar Ellsworth,player NCAA,2025-2026:men:men_VELL_vellmont-tech-cyclones:omar-ellsworth,men_VELL_vellmont-tech-cyclones,NO,NO,NO,NO,NO,NO,NO,NO,NO,NO,NO,NO,NO,NO,NO,NO,NO,NO,NO,YES,NO,NO,NO,NO,NO,False,True,False,False
c_0000124,e_00000208,Hector Jimenez,player NCAA,2025-2026:men:men_ORCH_orchard-hill-college-mariners:hector-jimenez,men_ORCH_orchard-hill-college-mariners,NO,NO,NO,NO,NO,NO,NO,NO,NO,NO,YES,NO,NO,NO,NO,NO,NO,NO,NO,NO,NO,NO,NO,NO,NO,False,False,False,False
c_0000125,e_00000209,Yancy Hargrove,player NCAA,2025-2026:men:men_VELL_vellmont-tech-cyclones:yancy-hargrove,men_VELL_vellmont-tech-cyclones,NO,NO,NO,NO,NO,NO,NO,NO,NO,NO,YES,NO,NO,NO,NO,NO,NO,NO,NO,YES,NO,NO,NO,NO,NO,False,True,False,False
c_0000125,e_00000210,Roland Duvalier,player NCAA,2025-2026:men:men_ORCH_orchard-hill-college-mariners:roland-duvalier,men_ORCH_orchard-hill-college-mariners,NO,NO,NO,NO,NO,NO,NO,NO,NO,NO,NO,NO,NO,NO,NO,NO,NO,NO,NO,NO,NO,NO,NO,NO,NO,False,False,False,False
c_0000126,e_00000211,Yancy Hargrove,player NCAA,2025-2026:men:men_VELL_vellmont-tech-cyclones:yancy-hargrove,men_VELL_vellmont-tech-cyclones,NO,NO,NO,NO,NO,NO,NO,NO,NO,NO,YES,YES,NO,NO,NO,NO,NO,NO,NO,NO,NO,YES,NO,NO,NO,False,False,False,False
c_0000127,e_00000212,Yancy Hargrove,player NCAA,2025-2026:men:men_VELL_vellmont-tech-cyclones:yancy-hargrove,men_VELL_vellmont-tech-cyclones,NO,NO,NO,NO,NO,NO,NO,NO,NO,NO,YES,YES,NO,NO,NO,NO,NO,NO,NO,NO,NO,NO,NO,NO,NO,False,False,False,False
c_0000127,e_00000213,Roland Duvalier,player NCAA,2025-2026:men:men_ORCH_orchard-hill-college-mariners:roland-duvalier,men_ORCH_orchard-hill-college-mariners,NO,NO,NO,NO,NO,NO,NO,NO,NO,NO,YES,NO,NO,NO,NO,NO,NO,NO,NO,NO,NO,NO,NO,NO,NO,False,False,False,False
c_0000128,e_00000214,Yancy Hargrove,player NCAA,2025-2026:men:men_VELL_vellmont-tech-cyclones:yancy-hargrove,men_VELL_vellmont-tech-cyclones,NO,NO,NO,NO,NO,NO,NO,NO,NO,NO,NO,NO,NO,NO,NO,NO,NO,NO,NO,NO,NO,NO,NO,NO,NO,False,False,False,False
c_0000129,e_00000215,Xavier Duvalier,player NCAA,2025-2026:men:men_KING_kingsmoor-poly-ironmen:xavier-duvalier,men_KING_kingsmoor-poly-ironmen,NO,NO,NO,NO,NO,NO,NO,NO,NO,NO,YES,NO,NO,NO,NO,NO,NO,NO,NO,NO,NO,NO,NO,NO,NO,False,False,False,False
c_0000129,e_00000216,Xavier Jimenez,player NCAA,2025-2026:men:men_VINE_vinewood-a-m-timberwolves:xavier-jimenez,men_VINE_vinewood-a-m-timberwolves,NO,NO,NO,NO,NO,NO,NO,NO,NO,NO,YES,NO,NO,NO,NO,NO,NO,NO,NO,NO,NO,NO,NO,NO,NO,False,False,False,False
c_0000129,e_00000217,Jalen Wexler,player NCAA,2025-2026:men:men_KING_kingsmoor-poly-ironmen:jalen-wexler,men_KING_kingsmoor-poly-ironmen,NO,NO,NO,NO,NO,NO,NO,NO,NO,NO,YES,NO,NO,NO,NO,NO,NO,NO,NO,NO,NO,NO,NO,NO,NO,False,False,False,False
c_0000129,e_00000218,Yancy Hargrove,player NCAA,2025-2026:men:men_VELL_vellmont-tech-cyclones:yancy-hargrove,men_VELL_vellmont-tech-cyclones,NO,NO,NO,NO,NO,NO,NO,NO,NO,NO,YES,NO,NO,NO,NO,NO,NO,NO,NO,NO,NO,NO,NO,NO,NO,False,False,False,False
c_0000129,e_00000219,Terrance Wickham,player NCAA,2025-2026:men:men_VINE_vinewood-a-m-timberwolves:terrance-wickham,men_VINE_vinewood-a-m-timberwolves,NO,NO,NO,NO,NO,NO,NO,NO,NO,NO,NO,NO,NO,NO,NO,NO,NO,NO,NO,NO,NO,NO,NO,NO,NO,False,False,False,False
