comment_id,subreddit,submission_id,parent_id,comment_text,comment_score,author_username,author_id,comment_timestamp
c_0000000,CollegeBasketballSynthetic,s_000000,t3_s_000000,Exactly this. Terrance Wickham had a solid night out there. Xavier Jimenez got the calls tonight and made them count.,0,hoops_guy1626,u_000000,2025-11-06 00:05:33 UTC
c_0000001,CollegeBasketballSynthetic,s_000001,t3_s_000001,Ivan Nystrom is the most overrated player I have ever watched.,1,rimrun_nerd9811,u_000002,2025-11-19 00:34:59 UTC
c_0000002,CollegeBasketballSynthetic,s_000001,t1_c_0000001,"Right? Gideon Ustinov is honestly terrible, bench him already.",0,fastbreak_diehard4123,u_000009,2025-11-19 02:16:15 UTC
c_0000003,CollegeBasketballSynthetic,s_000001,t3_s_000001,"Hard no. Xavier Duvalier rebounded well but the guard play let us down. Emeka Wexler played within himself tonight, no complaints. Hector Jimenez did what he could with the minutes he got.",24,crossover_truther2559,u_000007,2025-11-19 00:40:20 UTC
c_0000004,CollegeBasketballSynthetic,s_000001,t1_c_0000003,Lol hope Gideon Ustinov pulls something and we never see him again.,4,fastbreak_diehard4123,u_000009,2025-11-19 09:31:40 UTC
c_0000005,CollegeBasketballSynthetic,s_000001,t3_s_000001,"Right? Gideon Ustinov is a complete fraud, worst starter in this league.",0,fastbreak_diehard4123,u_000009,2025-11-19 02:16:12 UTC
c_0000006,CollegeBasketballSynthetic,s_000001,t3_s_000001,Lol Gideon Ustinov is the most overrated player I have ever watched.,4,fastbreak_diehard4123,u_000009,2025-11-19 00:51:41 UTC
c_0000007,CollegeBasketballSynthetic,s_000001,t1_c_0000004,"Hard no. Ivan Nystrom is a complete fraud, worst starter in this league.",10,rimrun_nerd9811,u_000002,2025-11-19 06:15:17 UTC
c_0000008,CollegeBasketballSynthetic,s_000001,t3_s_000001,"Nah, Xavier Duvalier is fine, the scheme is the problem. Credit to Franklin Kowalczyk, that was a big shot late.",-2,rimrun_enjoyer1487,u_000014,2025-11-19 01:24:27 UTC
c_0000009,CollegeBasketballSynthetic,s_000001,t3_s_000001,"Nah, You can tell Xavier Duvalier has been working on the pull-up.",0,hoops_guy1626,u_000000,2025-11-19 01:46:01 UTC
c_0000010,CollegeBasketballSynthetic,s_000001,t3_s_000001,"Exactly this. absolutely clueless out there, Gideon Ustinov is a walking turnover.",4,fastbreak_diehard4123,u_000009,2025-11-19 01:12:47 UTC
c_0000011,CollegeBasketballSynthetic,s_000001,t3_s_000001,"Hard no. absolutely clueless out there, Ivan Nystrom is a walking turnover.",1,rimrun_nerd9811,u_000002,2025-11-19 02:22:11 UTC
c_0000012,CollegeBasketballSynthetic,s_000001,t3_s_000001,Exactly this. You can tell Bennett Whitlock has been working on the pull-up. Not sure why people are down on Darius Quiroga right now.,-6,glasscleaner_watcher252,u_000001,2025-11-19 02:53:24 UTC
c_0000013,CollegeBasketballSynthetic,s_000001,t1_c_0000008,"Gideon Ustinov is honestly terrible, bench him already.",3,fastbreak_diehard4123,u_000009,2025-11-19 02:27:50 UTC
c_0000014,CollegeBasketballSynthetic,s_000001,t3_s_000001,"Nah, Xavier Duvalier got the calls tonight and made them count.",11,benchmob_analyst7984,u_000013,2025-11-19 00:48:03 UTC
c_0000015,CollegeBasketballSynthetic,s_000001,t3_s_000001,"Nah, Gideon Ustinov is the most overrated player I have ever watched.",31,fastbreak_diehard4123,u_000009,2025-11-19 01:11:55 UTC
c_0000016,CollegeBasketballSynthetic,s_000001,t3_s_000001,Disagree. Ivan Nystrom is a damn disaster every single night.,0,rimrun_nerd9811,u_000002,2025-11-19 02:05:55 UTC
c_0000017,CollegeBasketballSynthetic,s_000002,t3_s_000002,Right? Xavier Duvalier is the most overrated player I have ever watched.,13,fastbreak_guy8149,u_000012,2025-12-10 02:43:38 UTC
c_0000018,CollegeBasketballSynthetic,s_000002,t1_c_0000017,"Exactly this. Xavier Duvalier did what he could with the minutes he got. Xavier Jimenez is fine, the scheme is the problem.",5,hoops_guy1626,u_000000,2025-12-10 10:16:59 UTC
c_0000019,CollegeBasketballSynthetic,s_000005,t3_s_000005,Gideon Ustinov is the most overrated player I have ever watched.,7,fastbreak_diehard4123,u_000009,2026-01-18 22:42:08 UTC
c_0000020,CollegeBasketballSynthetic,s_000006,t3_s_000006,"Right? how is Ivan Nystrom still getting minutes, he is garbage.",2,rimrun_nerd9811,u_000002,2026-02-07 00:52:57 UTC
c_0000021,CollegeBasketballSynthetic,s_000006,t3_s_000006,"Right? Credit to Darius Quiroga, that was a big shot late. Give Franklin Kowalczyk another year and this looks different. Preston Rutherford rebounded well but the guard play let us down.",12,boxout_sicko5932,u_000005,2026-02-07 06:11:20 UTC
c_0000022,CollegeBasketballSynthetic,s_000006,t1_c_0000021,"Right? Darius Quiroga played within himself tonight, no complaints.",7,pumpfake_diehard867,u_000011,2026-02-07 06:46:29 UTC
c_0000023,CollegeBasketballSynthetic,s_000006,t1_c_0000021,"Disagree. Darius Quiroga got the calls tonight and made them count. Kwame Fontaine rebounded well but the guard play let us down. Credit to Franklin Kowalczyk, that was a big shot late. Not sure why people are down on Preston Rutherford right now. That was the best I've seen Corey Fontaine look this season.",7,pumpfake_diehard867,u_000011,2026-02-07 01:11:16 UTC
c_0000024,CollegeBasketballSynthetic,s_000006,t1_c_0000020,"Nah, Gideon Ustinov has no business on a D1 floor, embarrassing.",0,fastbreak_diehard4123,u_000009,2026-02-06 22:15:06 UTC
c_0000025,CollegeBasketballSynthetic,s_000006,t3_s_000006,"Nah, Credit to Preston Rutherford, that was a big shot late. Kwame Fontaine did what he could with the minutes he got.",0,backdoorcut_nerd5635,u_000010,2026-02-07 07:19:01 UTC
c_0000026,CollegeBasketballSynthetic,s_000006,t3_s_000006,Right? You can tell Bennett Whitlock has been working on the pull-up. Honestly Corey Fontaine has been our most consistent guy all month.,11,glasscleaner_watcher252,u_000001,2026-02-06 21:52:09 UTC
c_0000027,CollegeBasketballSynthetic,s_000006,t1_c_0000026,Disagree. Gideon Ustinov is a damn disaster every single night.,-3,fastbreak_diehard4123,u_000009,2026-02-07 00:50:46 UTC
c_0000028,CollegeBasketballSynthetic,s_000006,t3_s_000006,"Disagree. what the hell was Gideon Ustinov even doing there, useless.",-5,fastbreak_diehard4123,u_000009,2026-02-06 21:45:26 UTC
c_0000029,CollegeBasketballSynthetic,s_000006,t3_s_000006,Ivan Nystrom is the most overrated player I have ever watched.,2,rimrun_nerd9811,u_000002,2026-02-06 22:11:11 UTC
c_0000030,CollegeBasketballSynthetic,s_000006,t1_c_0000020,"Hard no. Bennett Whitlock got the calls tonight and made them count. the only reason anyone watches Xavier Duvalier is to look at her, be honest.",9,glasscleaner_watcher252,u_000001,2026-02-07 00:20:36 UTC
c_0000031,CollegeBasketballSynthetic,s_000006,t3_s_000006,"Right? Ivan Nystrom has no business on a D1 floor, embarrassing.",2,rimrun_nerd9811,u_000002,2026-02-07 04:40:20 UTC
c_0000032,CollegeBasketballSynthetic,s_000006,t3_s_000006,"Lol how is Ivan Nystrom still getting minutes, he is garbage.",0,rimrun_nerd9811,u_000002,2026-02-06 21:33:48 UTC
c_0000033,CollegeBasketballSynthetic,s_000006,t1_c_0000030,Disagree. Darius Quiroga did what he could with the minutes he got. Kwame Fontaine got the calls tonight and made them count.,0,pumpfake_diehard867,u_000011,2026-02-07 02:22:44 UTC
c_0000034,CollegeBasketballSynthetic,s_000007,t3_s_000007,Disagree. Not sure why people are down on Xavier Duvalier right now.,0,hardwood_sicko4042,u_000003,2026-02-11 20:46:30 UTC
c_0000035,CollegeBasketballSynthetic,s_000007,t3_s_000007,"Lol Xavier Duvalier played within himself tonight, no complaints. Honestly Rashad Petrov has been our most consistent guy all month.",0,fastbreak_guy8149,u_000012,2026-02-12 04:54:36 UTC
c_0000036,CollegeBasketballSynthetic,s_000008,t3_s_000008,"Right? absolutely clueless out there, Ivan Nystrom is a walking turnover.",6,rimrun_nerd9811,u_000002,2026-02-24 21:58:07 UTC
c_0000037,CollegeBasketballSynthetic,s_000008,t3_s_000008,"Lol absolutely clueless out there, Ivan Nystrom is a walking turnover.",3,rimrun_nerd9811,u_000002,2026-02-25 04:53:04 UTC
c_0000038,CollegeBasketballSynthetic,s_000008,t1_c_0000036,"Disagree. Credit to Terrance Wickham, that was a big shot late. Xavier Jimenez played within himself tonight, no complaints.",2,pumpfake_enjoyer5171,u_000006,2026-02-24 23:34:43 UTC
c_0000039,CollegeBasketballSynthetic,s_000008,t1_c_0000038,Lol Kwame Fontaine rebounded well but the guard play let us down.,-1,pumpfake_diehard867,u_000011,2026-02-24 21:40:00 UTC
c_0000040,CollegeBasketballSynthetic,s_000008,t3_s_000008,Hard no. Xavier Jimenez had a solid night out there. Honestly Terrance Wickham has been our most consistent guy all month.,2,hoops_guy1626,u_000000,2026-02-25 01:20:32 UTC
c_0000041,CollegeBasketballSynthetic,s_000008,t3_s_000008,"Exactly this. Credit to Xavier Jimenez, that was a big shot late.",2,hoops_guy1626,u_000000,2026-02-25 10:29:13 UTC
c_0000042,CollegeBasketballSynthetic,s_000008,t3_s_000008,"Disagree. Bennett Whitlock played within himself tonight, no complaints.",0,glasscleaner_watcher252,u_000001,2026-02-25 00:57:33 UTC
c_0000043,CollegeBasketballSynthetic,s_000008,t3_s_000008,"Lol the only reason anyone watches Ivan Nystrom is to look at her, be honest.",0,rimrun_nerd9811,u_000002,2026-02-25 04:59:47 UTC
c_0000044,CollegeBasketballSynthetic,s_000008,t3_s_000008,Hard no. Kwame Fontaine had a solid night out there.,0,pumpfake_diehard867,u_000011,2026-02-24 22:59:49 UTC
c_0000045,CollegeBasketballSynthetic,s_000008,t1_c_0000038,"Right? Ivan Nystrom is a complete fraud, worst starter in this league.",-2,rimrun_nerd9811,u_000002,2026-02-25 04:10:45 UTC
c_0000046,CollegeBasketballSynthetic,s_000008,t3_s_000008,"Lol Not sure why people are down on Bennett Whitlock right now. Preston Rutherford is a complete fraud, worst starter in this league.",9,glasscleaner_watcher252,u_000001,2026-02-25 11:17:21 UTC
c_0000047,CollegeBasketballSynthetic,s_000008,t1_c_0000042,Right? Ivan Nystrom is a damn disaster every single night.,6,rimrun_nerd9811,u_000002,2026-02-25 00:13:09 UTC
c_0000048,CollegeBasketballSynthetic,s_000008,t3_s_000008,"Exactly this. Honestly Bennett Whitlock has been our most consistent guy all month. Xavier Duvalier played within himself tonight, no complaints.",-6,rimrun_enjoyer1487,u_000014,2026-02-25 07:30:00 UTC
c_0000049,CollegeBasketballSynthetic,s_000009,t3_s_000009,"Disagree. Xavier Duvalier played within himself tonight, no complaints.",1,benchmob_analyst7984,u_000013,2026-03-06 02:22:09 UTC
c_0000050,CollegeBasketballSynthetic,s_000009,t3_s_000009,"Exactly this. Xavier Duvalier is fine, the scheme is the problem. Yancy Hargrove has no business on a D1 floor, embarrassing.",11,crossover_truther2559,u_000007,2026-03-06 05:25:25 UTC
c_0000051,CollegeBasketballSynthetic,s_000009,t3_s_000009,Disagree. Xavier Duvalier is a damn disaster every single night. Not sure why people are down on Yancy Hargrove right now.,1,crossover_truther2559,u_000007,2026-03-06 02:26:05 UTC
c_0000052,CollegeBasketballSynthetic,s_000009,t3_s_000009,"Nah, You can tell Xavier Duvalier has been working on the pull-up. That was the best I've seen Emeka Wexler look this season.",4,hoops_guy1626,u_000000,2026-03-06 01:36:48 UTC
c_0000053,CollegeBasketballSynthetic,s_000009,t1_c_0000051,"Nah, Xavier Duvalier is the most overrated player I have ever watched. Yancy Hargrove had a solid night out there.",-3,benchmob_analyst7984,u_000013,2026-03-06 01:51:13 UTC
c_0000054,CollegeBasketballSynthetic,s_000009,t1_c_0000052,"Exactly this. Credit to Xavier Duvalier, that was a big shot late.",0,fastbreak_guy8149,u_000012,2026-03-06 02:45:23 UTC
c_0000055,CollegeBasketballSynthetic,s_000009,t1_c_0000052,"Nah, Xavier Duvalier is a damn disaster every single night. Yancy Hargrove rebounded well but the guard play let us down. Give Omar Ellsworth another year and this looks different.",40,hoops_guy1626,u_000000,2026-03-06 03:01:22 UTC
c_0000056,CollegeBasketballSynthetic,s_000009,t3_s_000009,"Right? Xavier Duvalier has no business on a D1 floor, embarrassing.",1,crossover_truther2559,u_000007,2026-03-06 02:13:37 UTC
c_0000057,CollegeBasketballSynthetic,s_000009,t1_c_0000053,Lol Not sure why people are down on Xavier Duvalier right now. Lorenzo Vandergriff did what he could with the minutes he got.,12,glasscleaner_fan8736,u_000008,2026-03-06 00:59:46 UTC
c_0000058,CollegeBasketballSynthetic,s_000009,t3_s_000009,Lol Honestly Xavier Duvalier has been our most consistent guy all month.,8,fastbreak_guy8149,u_000012,2026-03-05 23:10:42 UTC
c_0000059,CollegeBasketballSynthetic,s_000009,t3_s_000009,Exactly this. That was the best I've seen Yancy Hargrove look this season. That was the best I've seen Xavier Duvalier look this season.,0,benchmob_analyst7984,u_000013,2026-03-06 00:09:12 UTC
c_0000060,CollegeBasketballSynthetic,s_000009,t1_c_0000057,"Exactly this. Xavier Duvalier has no business on a D1 floor, embarrassing.",3,hoops_guy1626,u_000000,2026-03-06 00:27:13 UTC
c_0000061,CollegeBasketballSynthetic,s_000009,t3_s_000009,Xavier Duvalier did what he could with the minutes he got. Honestly Yancy Hargrove has been our most consistent guy all month. Omar Ellsworth had a solid night out there.,3,hoops_guy1626,u_000000,2026-03-05 23:51:19 UTC
c_0000062,CollegeBasketballSynthetic,s_000009,t1_c_0000056,Exactly this. Xavier Duvalier got the calls tonight and made them count.,11,hoops_guy1626,u_000000,2026-03-06 05:36:22 UTC
c_0000063,CollegeBasketballSynthetic,s_000009,t3_s_000009,"Exactly this. Xavier Duvalier is honestly terrible, bench him already. Yancy Hargrove is a damn disaster every single night.",7,crossover_truther2559,u_000007,2026-03-06 01:25:48 UTC
c_0000064,CollegeBasketballSynthetic,s_000009,t1_c_0000055,Exactly this. Xavier Duvalier rebounded well but the guard play let us down.,15,hoops_guy1626,u_000000,2026-03-06 00:01:56 UTC
c_0000065,CollegeBasketballSynthetic,s_000009,t1_c_0000057,"Hard no. Xavier Duvalier is honestly terrible, bench him already.",11,crossover_truther2559,u_000007,2026-03-06 02:05:08 UTC
c_0000066,CollegeBasketballSynthetic,s_000009,t3_s_000009,"Right? Give Xavier Duvalier another year and this looks different. Yancy Hargrove is fine, the scheme is the problem.",4,benchmob_analyst7984,u_000013,2026-03-05 23:35:13 UTC
c_0000067,CollegeBasketballSynthetic,s_000009,t3_s_000009,Disagree. Not sure why people are down on Xavier Duvalier right now. Jalen Wexler is the most overrated player I have ever watched.,2,fastbreak_guy8149,u_000012,2026-03-06 00:30:15 UTC
c_0000068,CollegeBasketballSynthetic,s_000009,t3_s_000009,"Hard no. what the hell was Xavier Duvalier even doing there, useless. Give Yancy Hargrove another year and this looks different.",13,benchmob_analyst7984,u_000013,2026-03-06 07:35:36 UTC
c_0000069,CollegeBasketballSynthetic,s_000009,t1_c_0000061,"Give Xavier Duvalier another year and this looks different. Credit to Yancy Hargrove, that was a big shot late. Omar Ellsworth got the calls tonight and made them count. Dominic Eastwick rebounded well but the guard play let us down. Jalen Wexler is the most overrated player I have ever watched.",17,hoops_guy1626,u_000000,2026-03-06 00:54:38 UTC
c_0000070,CollegeBasketballSynthetic,s_000009,t3_s_000009,"Yancy Hargrove played within himself tonight, no complaints. Give Xavier Duvalier another year and this looks different.",28,benchmob_analyst7984,u_000013,2026-03-06 15:40:23 UTC
c_0000071,CollegeBasketballSynthetic,s_000009,t1_c_0000057,Xavier Duvalier got the calls tonight and made them count. That was the best I've seen Yancy Hargrove look this season. Not sure why people are down on Omar Ellsworth right now. Honestly Dominic Eastwick has been our most consistent guy all month. Not sure why people are down on Roland Duvalier right now.,-1,benchmob_analyst7984,u_000013,2026-03-06 01:35:08 UTC
c_0000072,CollegeBasketballSynthetic,s_000009,t3_s_000009,"Exactly this. Xavier Duvalier is honestly terrible, bench him already.",12,swish_sicko3079,u_000004,2026-03-06 00:20:57 UTC
c_0000073,CollegeBasketballSynthetic,s_000009,t1_c_0000054,"Right? You can tell Yancy Hargrove has been working on the pull-up. Xavier Duvalier played within himself tonight, no complaints.",6,hoops_guy1626,u_000000,2026-03-06 01:17:19 UTC
c_0000074,CollegeBasketballSynthetic,s_000009,t3_s_000009,"Nah, Yancy Hargrove played within himself tonight, no complaints. Xavier Duvalier got the calls tonight and made them count.",1,benchmob_analyst7984,u_000013,2026-03-06 01:43:29 UTC
c_0000075,CollegeBasketballSynthetic,s_000009,t3_s_000009,Lol Honestly Xavier Duvalier has been our most consistent guy all month. That was the best I've seen Yancy Hargrove look this season.,0,benchmob_analyst7984,u_000013,2026-03-05 23:22:33 UTC
c_0000076,CollegeBasketballSynthetic,s_000009,t3_s_000009,That was the best I've seen Xavier Duvalier look this season. Lorenzo Vandergriff got the calls tonight and made them count. Honestly Jalen Wexler has been our most consistent guy all month. You can tell Jalen Petrov has been working on the pull-up. Terrance Wickham rebounded well but the guard play let us down.,0,glasscleaner_fan8736,u_000008,2026-03-06 02:41:58 UTC
c_0000077,CollegeBasketballSynthetic,s_000009,t1_c_0000062,Lol Xavier Duvalier had a solid night out there. That was the best I've seen Lorenzo Vandergriff look this season.,19,hardwood_sicko4042,u_000003,2026-03-06 02:32:58 UTC
c_0000078,CollegeBasketballSynthetic,s_000009,t1_c_0000065,Disagree. Xavier Duvalier had a solid night out there. Yancy Hargrove got the calls tonight and made them count. Roland Duvalier had a solid night out there.,1,benchmob_analyst7984,u_000013,2026-03-06 00:39:18 UTC
c_0000079,CollegeBasketballSynthetic,s_000009,t1_c_0000069,Disagree. That was the best I've seen Xavier Duvalier look this season. Yancy Hargrove did what he could with the minutes he got.,1,crossover_truther2559,u_000007,2026-03-06 00:45:10 UTC
c_0000080,CollegeBasketballSynthetic,s_000009,t1_c_0000058,Hard no. Xavier Duvalier did what he could with the minutes he got.,27,hoops_guy1626,u_000000,2026-03-05 23:28:17 UTC
c_0000081,CollegeBasketballSynthetic,s_000009,t3_s_000009,"Right? You can tell Xavier Duvalier has been working on the pull-up. Lorenzo Vandergriff is fine, the scheme is the problem.",-2,hardwood_sicko4042,u_000003,2026-03-05 23:32:08 UTC
c_0000082,CollegeBasketballSynthetic,s_000009,t1_c_0000061,Disagree. Omar Ellsworth had a solid night out there. Give Xavier Duvalier another year and this looks different.,0,hoops_guy1626,u_000000,2026-03-06 00:02:43 UTC
c_0000083,CollegeBasketballSynthetic,s_000009,t1_c_0000074,"Hard no. Xavier Duvalier did what he could with the minutes he got. what the hell was Yancy Hargrove even doing there, useless. absolutely clueless out there, Omar Ellsworth is a walking turnover. Dominic Eastwick rebounded well but the guard play let us down.",8,hoops_guy1626,u_000000,2026-03-05 23:10:22 UTC
c_0000084,CollegeBasketballSynthetic,s_000009,t3_s_000009,"Lol Xavier Duvalier has no business on a D1 floor, embarrassing. Credit to Yancy Hargrove, that was a big shot late.",17,benchmob_analyst7984,u_000013,2026-03-06 00:33:04 UTC
c_0000085,CollegeBasketballSynthetic,s_000009,t3_s_000009,Hard no. Xavier Duvalier rebounded well but the guard play let us down.,6,crossover_truther2559,u_000007,2026-03-06 00:45:05 UTC
c_0000086,CollegeBasketballSynthetic,s_000009,t3_s_000009,"Nah, You can tell Xavier Duvalier has been working on the pull-up.",4,fastbreak_guy8149,u_000012,2026-03-05 23:18:33 UTC
c_0000087,CollegeBasketballSynthetic,s_000009,t3_s_000009,Right? Honestly Xavier Duvalier has been our most consistent guy all month.,0,benchmob_analyst7984,u_000013,2026-03-06 04:59:45 UTC
c_0000088,CollegeBasketballSynthetic,s_000009,t1_c_0000067,"Nah, Yancy Hargrove got the calls tonight and made them count. Xavier Duvalier rebounded well but the guard play let us down.",0,benchmob_analyst7984,u_000013,2026-03-06 04:01:07 UTC
c_0000089,CollegeBasketballSynthetic,s_000009,t3_s_000009,"Exactly this. Xavier Duvalier played within himself tonight, no complaints.",0,crossover_truther2559,u_000007,2026-03-06 01:15:41 UTC
c_0000090,CollegeBasketballSynthetic,s_000009,t3_s_000009,Exactly this. Xavier Duvalier rebounded well but the guard play let us down. hope Jalen Wexler pulls something and we never see him again.,3,fastbreak_guy8149,u_000012,2026-03-06 01:11:55 UTC
c_0000091,CollegeBasketballSynthetic,s_000009,t1_c_0000075,"Nah, Yancy Hargrove is fine, the scheme is the problem. Honestly Xavier Duvalier has been our most consistent guy all month.",34,benchmob_analyst7984,u_000013,2026-03-06 10:01:00 UTC
c_0000092,CollegeBasketballSynthetic,s_000009,t1_c_0000075,Xavier Duvalier got the calls tonight and made them count. Not sure why people are down on Jalen Wexler right now. Not sure why people are down on Jalen Petrov right now.,0,fastbreak_guy8149,u_000012,2026-03-05 23:20:52 UTC
c_0000093,CollegeBasketballSynthetic,s_000009,t3_s_000009,Disagree. You can tell Xavier Duvalier has been working on the pull-up.,12,crossover_truther2559,u_000007,2026-03-06 01:16:46 UTC
c_0000094,CollegeBasketballSynthetic,s_000009,t3_s_000009,"Lol Xavier Duvalier played within himself tonight, no complaints. Omar Ellsworth did what he could with the minutes he got.",4,benchmob_analyst7984,u_000013,2026-03-06 03:33:37 UTC
c_0000095,CollegeBasketballSynthetic,s_000009,t3_s_000009,"Right? Xavier Duvalier is fine, the scheme is the problem.",6,hoops_guy1626,u_000000,2026-03-06 00:33:21 UTC
c_0000096,CollegeBasketballSynthetic,s_000009,t3_s_000009,"Lol That was the best I've seen Xavier Duvalier look this season. Yancy Hargrove is fine, the scheme is the problem. what the hell was Omar Ellsworth even doing there, useless.",1,crossover_truther2559,u_000007,2026-03-06 02:59:01 UTC
c_0000097,CollegeBasketballSynthetic,s_000009,t1_c_0000074,"Nah, Xavier Duvalier is fine, the scheme is the problem.",9,fastbreak_guy8149,u_000012,2026-03-06 02:28:08 UTC
c_0000098,CollegeBasketballSynthetic,s_000009,t3_s_000009,"Right? what the hell was Xavier Duvalier even doing there, useless.",1,crossover_truther2559,u_000007,2026-03-05 23:15:55 UTC
c_0000099,CollegeBasketballSynthetic,s_000009,t1_c_0000080,Disagree. That was the best I've seen Xavier Duvalier look this season.,11,benchmob_analyst7984,u_000013,2026-03-06 04:22:44 UTC
c_0000100,CollegeBasketballSynthetic,s_000009,t1_c_0000084,Exactly this. Not sure why people are down on Xavier Duvalier right now. Yancy Hargrove rebounded well but the guard play let us down.,3,benchmob_analyst7984,u_000013,2026-03-06 04:43:29 UTC
c_0000101,CollegeBasketballSynthetic,s_000009,t1_c_0000094,"Nah, what the hell was Xavier Duvalier even doing there, useless.",0,fastbreak_guy8149,u_000012,2026-03-05 23:53:56 UTC
c_0000102,CollegeBasketballSynthetic,s_000009,t1_c_0000096,"Nah, Xavier Duvalier had a solid night out there. Yancy Hargrove rebounded well but the guard play let us down.",0,benchmob_analyst7984,u_000013,2026-03-06 03:43:20 UTC
c_0000103,CollegeBasketballSynthetic,s_000011,t3_s_000011,Hard no. Xavier Duvalier got the calls tonight and made them count. Not sure why people are down on Lorenzo Vandergriff right now.,0,glasscleaner_fan8736,u_000008,2026-02-26 19:00:12 UTC
c_0000104,CollegeBasketballSynthetic,s_000011,t3_s_000011,Not sure why people are down on Xavier Duvalier right now. That was the best I've seen Terrance Wickham look this season.,22,hoops_guy1626,u_000000,2026-02-26 02:09:57 UTC
c_0000105,CollegeBasketballSynthetic,s_000011,t3_s_000011,Hard no. Xavier Duvalier did what he could with the minutes he got.,22,hoops_guy1626,u_000000,2026-02-28 03:35:19 UTC
c_0000106,CollegeBasketballSynthetic,s_000011,t3_s_000011,Exactly this. Xavier Duvalier is a damn disaster every single night.,3,crossover_truther2559,u_000007,2026-02-26 01:55:07 UTC
c_0000107,CollegeBasketballSynthetic,s_000011,t1_c_0000106,Right? You can tell Xavier Duvalier has been working on the pull-up. Lorenzo Vandergriff got the calls tonight and made them count.,-1,glasscleaner_fan8736,u_000008,2026-02-25 17:37:00 UTC
c_0000108,CollegeBasketballSynthetic,s_000011,t3_s_000011,"Nah, Xavier Duvalier did what he could with the minutes he got.",4,hardwood_sicko4042,u_000003,2026-02-25 14:54:51 UTC
c_0000109,CollegeBasketballSynthetic,s_000011,t1_c_0000106,"Lol Xavier Duvalier is fine, the scheme is the problem. Credit to Xavier Jimenez, that was a big shot late.",-1,hoops_guy1626,u_000000,2026-02-26 04:36:49 UTC
c_0000110,CollegeBasketballSynthetic,s_000012,t3_s_000012,"Nah, Xavier Duvalier got the calls tonight and made them count.",6,hoops_guy1626,u_000000,2025-11-16 23:11:43 UTC
c_0000111,CollegeBasketballSynthetic,s_000012,t3_s_000012,Disagree. Give Gideon Ustinov another year and this looks different.,1,fastbreak_diehard4123,u_000009,2025-11-21 08:43:26 UTC
c_0000112,CollegeBasketballSynthetic,s_000012,t3_s_000012,Hard no. Xavier Duvalier got the calls tonight and made them count.,0,hoops_guy1626,u_000000,2025-11-17 10:11:10 UTC
c_0000113,CollegeBasketballSynthetic,s_000012,t1_c_0000111,Xavier Duvalier had a solid night out there. Give Xavier Jimenez another year and this looks different.,-1,hoops_guy1626,u_000000,2025-11-17 12:33:49 UTC
c_0000114,CollegeBasketballSynthetic,s_000012,t1_c_0000111,"Nah, Xavier Duvalier rebounded well but the guard play let us down.",20,hoops_guy1626,u_000000,2025-11-20 17:02:39 UTC
c_0000115,CollegeBasketballSynthetic,s_000012,t1_c_0000112,"Lol Xavier Duvalier played within himself tonight, no complaints. Lorenzo Vandergriff is fine, the scheme is the problem.",0,glasscleaner_fan8736,u_000008,2025-11-18 07:19:48 UTC
c_0000116,CollegeBasketballSynthetic,s_000012,t3_s_000012,Hard no. Xavier Duvalier rebounded well but the guard play let us down.,0,hoops_guy1626,u_000000,2025-11-18 00:35:05 UTC
c_0000117,CollegeBasketballSynthetic,s_000012,t3_s_000012,Hard no. Xavier Duvalier did what he could with the minutes he got. You can tell Xavier Jimenez has been working on the pull-up. Yancy Hargrove rebounded well but the guard play let us down. Terrance Wickham rebounded well but the guard play let us down. Jalen Wexler did what he could with the minutes he got.,0,hoops_guy1626,u_000000,2025-11-18 01:38:10 UTC
c_0000118,CollegeBasketballSynthetic,s_000012,t3_s_000012,"Exactly this. Xavier Duvalier got the calls tonight and made them count. Credit to Terrance Wickham, that was a big shot late.",2,hoops_guy1626,u_000000,2025-11-16 23:18:38 UTC
c_0000119,CollegeBasketballSynthetic,s_000013,t3_s_000013,Disagree. Xavier Duvalier did what he could with the minutes he got.,0,glasscleaner_fan8736,u_000008,2025-12-26 10:52:55 UTC
c_0000120,CollegeBasketballSynthetic,s_000013,t3_s_000013,"Xavier Duvalier is fine, the scheme is the problem.",3,hoops_guy1626,u_000000,2025-12-27 06:08:01 UTC
c_0000121,CollegeBasketballSynthetic,s_000013,t3_s_000013,You can tell Lorenzo Vandergriff has been working on the pull-up.,10,glasscleaner_fan8736,u_000008,2025-12-26 02:00:27 UTC
c_0000122,CollegeBasketballSynthetic,s_000013,t1_c_0000121,Disagree. Honestly Xavier Duvalier has been our most consistent guy all month.,8,hoops_guy1626,u_000000,2025-12-26 09:04:51 UTC
c_0000123,CollegeBasketballSynthetic,s_000014,t3_s_000014,"Disagree. Yancy Hargrove played within himself tonight, no complaints.",1,benchmob_analyst7984,u_000013,2025-12-12 21:57:54 UTC
c_0000124,CollegeBasketballSynthetic,s_000014,t3_s_000014,Disagree. You can tell Yancy Hargrove has been working on the pull-up. Honestly Omar Ellsworth has been our most consistent guy all month. Hector Jimenez did what he could with the minutes he got.,4,hoops_guy1626,u_000000,2025-12-12 19:42:15 UTC
c_0000125,CollegeBasketballSynthetic,s_000014,t1_c_0000124,Lol You can tell Yancy Hargrove has been working on the pull-up. Give Roland Duvalier another year and this looks different.,121,benchmob_analyst7984,u_000013,2025-12-12 23:55:09 UTC
c_0000126,CollegeBasketballSynthetic,s_000014,t3_s_000014,"Nah, Yancy Hargrove had a solid night out there.",0,benchmob_analyst7984,u_000013,2025-12-13 01:07:01 UTC
c_0000127,CollegeBasketballSynthetic,s_000014,t3_s_000014,You can tell Yancy Hargrove has been working on the pull-up. Roland Duvalier got the calls tonight and made them count.,0,benchmob_analyst7984,u_000013,2025-12-13 11:53:22 UTC
c_0000128,CollegeBasketballSynthetic,s_000014,t3_s_000014,"Lol Credit to Yancy Hargrove, that was a big shot late.",115,benchmob_analyst7984,u_000013,2025-12-13 15:20:34 UTC
c_0000129,CollegeBasketballSynthetic,s_000015,t3_s_000015,"Nah, Honestly Xavier Duvalier has been our most consistent guy all month. You can tell Xavier Jimenez has been working on the pull-up. You can tell Jalen Wexler has been working on the pull-up. Honestly Yancy Hargrove has been our most consistent guy all month. Terrance Wickham had a solid night out there.",10,hoops_guy1626,u_000000,2026-02-13 09:48:35 UTC
