game_id,event_id,gender,season,date_utc,league_group,team_home_id,team_away_id,home_team_name,away_team_name,home_score,away_score
men|2025-2026|G00025|men_JUNI_juniper-ridge-a-m-timberwolves|men_LAKE_lakeshore-poly-ironmen,G00025,men,2025-2026,2025-11-10 18:00:00+0000,Coastal Eight,men_JUNI_juniper-ridge-a-m-timberwolves,men_LAKE_lakeshore-poly-ironmen,Juniper Ridge A&M,Lakeshore Poly,70,82
men|2025-2026|G00022|men_LAKE_lakeshore-poly-ironmen|men_GULL_gulliford-university-sabers,G00022,men,2025-2026,2025-11-19 22:00:00+0000,non-conference,men_LAKE_lakeshore-poly-ironmen,men_GULL_gulliford-university-sabers,Lakeshore Poly,Gulliford University,75,92
men|2025-2026|G00026|men_WIND_windmere-state-ravens|men_GULL_gulliford-university-sabers,G00026,men,2025-2026,2025-11-25 18:30:00+0000,Atlantic Ridge,men_WIND_windmere-state-ravens,men_GULL_gulliford-university-sabers,Windmere State,Gulliford University,65,86
men|2025-2026|G00014|men_LAKE_lakeshore-poly-ironmen|men_JUNI_juniper-ridge-a-m-timberwolves,G00014,men,2025-2026,2025-11-25 22:00:00+0000,Coastal Eight,men_LAKE_lakeshore-poly-ironmen,men_JUNI_juniper-ridge-a-m-timberwolves,Lakeshore Poly,Juniper Ridge A&M,75,59
men|2025-2026|G00020|men_TIDE_tidewater-tech-cyclones|men_INGL_inglewood-bay-college-mariners,G00020,men,2025-2026,2025-11-28 20:30:00+0000,Great Plains,men_TIDE_tidewater-tech-cyclones,men_INGL_inglewood-bay-college-mariners,Tidewater Tech,Inglewood Bay College,58,72
men|2025-2026|G00009|men_INGL_inglewood-bay-college-mariners|men_TIDE_tidewater-tech-cyclones,G00009,men,2025-2026,2025-12-01 20:00:00+0000,Great Plains,men_INGL_inglewood-bay-college-mariners,men_TIDE_tidewater-tech-cyclones,Inglewood Bay College,Tidewater Tech,80,73
men|2025-2026|G00019|men_GULL_gulliford-university-sabers|men_DUNM_dunmore-foxes,G00019,men,2025-2026,2025-12-04 19:00:00+0000,Atlantic Ridge,men_GULL_gulliford-university-sabers,men_DUNM_dunmore-foxes,Gulliford University,Dunmore,73,72
men|2025-2026|G00027|men_LAKE_lakeshore-poly-ironmen|men_JUNI_juniper-ridge-a-m-timberwolves,G00027,men,2025-2026,2025-12-06 18:00:00+0000,Coastal Eight,men_LAKE_lakeshore-poly-ironmen,men_JUNI_juniper-ridge-a-m-timberwolves,Lakeshore Poly,Juniper Ridge A&M,79,80
men|2025-2026|G00001|men_GULL_gulliford-university-sabers|men_WIND_windmere-state-ravens,G00001,men,2025-2026,2025-12-07 17:30:00+0000,Atlantic Ridge,men_GULL_gulliford-university-sabers,men_WIND_windmere-state-ravens,Gulliford University,Windmere State,87,70
men|2025-2026|G00007|men_DUNM_dunmore-foxes|men_GULL_gulliford-university-sabers,G00007,men,2025-2026,2025-12-07 18:30:00+0000,Atlantic Ridge,men_DUNM_dunmore-foxes,men_GULL_gulliford-university-sabers,Dunmore,Gulliford University,83,79
men|2025-2026|G00017|men_JUNI_juniper-ridge-a-m-timberwolves|men_DUNM_dunmore-foxes,G00017,men,2025-2026,2025-12-08 21:30:00+0000,non-conference,men_JUNI_juniper-ridge-a-m-timberwolves,men_DUNM_dunmore-foxes,Juniper Ridge A&M,Dunmore,66,79
men|2025-2026|G00013|men_WIND_windmere-state-ravens|men_GULL_gulliford-university-sabers,G00013,men,2025-2026,2025-12-14 19:00:00+0000,Atlantic Ridge,men_WIND_windmere-state-ravens,men_GULL_gulliford-university-sabers,Windmere State,Gulliford University,61,65
men|2025-2026|G00010|men_JUNI_juniper-ridge-a-m-timberwolves|men_LAKE_lakeshore-poly-ironmen,G00010,men,2025-2026,2025-12-14 21:00:00+0000,Coastal Eight,men_JUNI_juniper-ridge-a-m-timberwolves,men_LAKE_lakeshore-poly-ironmen,Juniper Ridge A&M,Lakeshore Poly,61,75
men|2025-2026|G00012|men_JUNI_juniper-ridge-a-m-timberwolves|men_LAKE_lakeshore-poly-ironmen,G00012,men,2025-2026,2025-12-15 17:00:00+0000,Coastal Eight,men_JUNI_juniper-ridge-a-m-timberwolves,men_LAKE_lakeshore-poly-ironmen,Juniper Ridge A&M,Lakeshore Poly,59,92
men|2025-2026|G00005|men_LAKE_lakeshore-poly-ironmen|men_JUNI_juniper-ridge-a-m-timberwolves,G00005,men,2025-2026,2025-12-18 20:00:00+0000,Coastal Eight,men_LAKE_lakeshore-poly-ironmen,men_JUNI_juniper-ridge-a-m-timberwolves,Lakeshore Poly,Juniper Ridge A&M,75,67
men|2025-2026|G00002|men_LAKE_lakeshore-poly-ironmen|men_JUNI_juniper-ridge-a-m-timberwolves,G00002,men,2025-2026,2025-12-25 20:30:00+0000,Coastal Eight,men_LAKE_lakeshore-poly-ironmen,men_JUNI_juniper-ridge-a-m-timberwolves,Lakeshore Poly,Juniper Ridge A&M,81,70
men|2025-2026|G00018|men_TIDE_tidewater-tech-cyclones|men_LAKE_lakeshore-poly-ironmen,G00018,men,2025-2026,2026-01-01 17:30:00+0000,non-conference,men_TIDE_tidewater-tech-cyclones,men_LAKE_lakeshore-poly-ironmen,Tidewater Tech,Lakeshore Poly,65,88
men|2025-2026|G00003|men_INGL_inglewood-bay-college-mariners|men_JUNI_juniper-ridge-a-m-timberwolves,G00003,men,2025-2026,2026-01-02 22:00:00+0000,non-conference,men_INGL_inglewood-bay-college-mariners,men_JUNI_juniper-ridge-a-m-timberwolves,Inglewood Bay College,Juniper Ridge A&M,67,56
men|2025-2026|G00016|men_LAKE_lakeshore-poly-ironmen|men_JUNI_juniper-ridge-a-m-timberwolves,G00016,men,2025-2026,2026-01-03 22:00:00+0000,Coastal Eight,men_LAKE_lakeshore-poly-ironmen,men_JUNI_juniper-ridge-a-m-timberwolves,Lakeshore Poly,Juniper Ridge A&M,88,62
men|2025-2026|G00004|men_WIND_windmere-state-ravens|men_GULL_gulliford-university-sabers,G00004,men,2025-2026,2026-01-20 20:30:00+0000,Atlantic Ridge,men_WIND_windmere-state-ravens,men_GULL_gulliford-university-sabers,Windmere State,Gulliford University,56,74
men|2025-2026|G00008|men_JUNI_juniper-ridge-a-m-timberwolves|men_LAKE_lakeshore-poly-ironmen,G00008,men,2025-2026,2026-01-21 19:00:00+0000,Coastal Eight,men_JUNI_juniper-ridge-a-m-timberwolves,men_LAKE_lakeshore-poly-ironmen,Juniper Ridge A&M,Lakeshore Poly,71,74
men|2025-2026|G00000|men_MARB_marbury-state-comets|men_GULL_gulliford-university-sabers,G00000,men,2025-2026,2026-01-21 20:00:00+0000,non-conference,men_MARB_marbury-state-comets,men_GULL_gulliford-university-sabers,Marbury State,Gulliford University,76,92
men|2025-2026|G00006|men_WIND_windmere-state-ravens|men_GULL_gulliford-university-sabers,G00006,men,2025-2026,2026-02-17 21:00:00+0000,Atlantic Ridge,men_WIND_windmere-state-ravens,men_GULL_gulliford-university-sabers,Windmere State,Gulliford University,55,70
men|2025-2026|G00021|men_JUNI_juniper-ridge-a-m-timberwolves|men_LAKE_lakeshore-poly-ironmen,G00021,men,2025-2026,2026-02-24 21:00:00+0000,Coastal Eight,men_JUNI_juniper-ridge-a-m-timberwolves,men_LAKE_lakeshore-poly-ironmen,Juniper Ridge A&M,Lakeshore Poly,78,62
men|2025-2026|G00011|men_JUNI_juniper-ridge-a-m-timberwolves|men_GULL_gulliford-university-sabers,G00011,men,2025-2026,2026-02-27 17:30:00+0000,non-conference,men_JUNI_juniper-ridge-a-m-timberwolves,men_GULL_gulliford-university-sabers,Juniper Ridge A&M,Gulliford University,79,76
men|2025-2026|G00023|men_JUNI_juniper-ridge-a-m-timberwolves|men_LAKE_lakeshore-poly-ironmen,G00023,men,2025-2026,2026-03-02 21:30:00+0000,Coastal Eight,men_JUNI_juniper-ridge-a-m-timberwolves,men_LAKE_lakeshore-poly-ironmen,Juniper Ridge A&M,Lakeshore Poly,74,72
men|2025-2026|G00024|men_JUNI_juniper-ridge-a-m-timberwolves|men_LAKE_lakeshore-poly-ironmen,G00024,men,2025-2026,2026-03-04 18:00:00+0000,Coastal Eight,men_JUNI_juniper-ridge-a-m-timberwolves,men_LAKE_lakeshore-poly-ironmen,Juniper Ridge A&M,Lakeshore Poly,66,74
men|2025-2026|G00015|men_GULL_gulliford-university-sabers|men_DUNM_dunmore-foxes,G00015,men,2025-2026,2026-03-14 21:00:00+0000,Atlantic Ridge,men_GULL_gulliford-university-sabers,men_DUNM_dunmore-foxes,Gulliford University,Dunmore,63,70
